ym,year,month,emprate_1518_ma12,emprate_1922_ma12,emprate_1518_idx2020,emprate_1922_idx2020
2015m1,2015,january,.18485983,.55295086,86.02243,93.224709
2015m2,2015,february,.18560725,.55474228,86.370239,93.526733
2015m3,2015,march,.18616465,.55459136,86.629616,93.501289
2015m4,2015,april,.18761083,.55468589,87.302582,93.517227
2015m5,2015,may,.1891797,.55555826,88.032639,93.664299
2015m6,2015,june,.19064216,.55658036,88.713181,93.836624
2015m7,2015,july,.19206256,.55681229,89.374146,93.875725
2015m8,2015,august,.19322756,.5583306,89.91626,94.131699
2015m9,2015,september,.19441774,.55878419,90.4701,94.208176
2015m10,2015,october,.19454277,.55891848,90.528282,94.230812
2015m11,2015,november,.1944491,.56004822,90.484695,94.421288
2015m12,2015,december,.19539788,.56156051,90.926201,94.676247
2016m1,2016,january,.19567503,.56289321,91.055168,94.900932
2016m2,2016,february,.19665565,.56372398,91.511482,95.041
2016m3,2016,march,.19715816,.56567305,91.745323,95.369606
2016m4,2016,april,.19720668,.56744188,91.767899,95.667816
2016m5,2016,may,.19709523,.56893176,91.716042,95.919006
2016m6,2016,june,.19746506,.56995994,91.888138,96.092354
2016m7,2016,july,.19765066,.57097346,91.974503,96.263222
2016m8,2016,august,.19890393,.57178664,92.557701,96.400322
2016m9,2016,september,.19955516,.57204413,92.860741,96.443733
2016m10,2016,october,.1996775,.57190073,92.917671,96.419556
2016m11,2016,november,.20030756,.57272947,93.210861,96.55928
2016m12,2016,december,.2001918,.57402909,93.15699,96.778389
2017m1,2017,january,.20125373,.57525808,93.651154,96.985588
2017m2,2017,february,.20168994,.57670528,93.854141,97.229584
2017m3,2017,march,.20264682,.57757258,94.299408,97.375801
2017m4,2017,april,.20357569,.57812923,94.731644,97.46965
2017m5,2017,may,.20422448,.57720214,95.033554,97.313347
2017m6,2017,june,.20541209,.57696444,95.586197,97.27327
2017m7,2017,july,.20569098,.57773495,95.715973,97.403175
2017m8,2017,august,.20600335,.57804424,95.861336,97.455322
2017m9,2017,september,.20706394,.57971817,96.354866,97.737541
2017m10,2017,october,.20716152,.58122879,96.400276,97.992226
2017m11,2017,november,.20731369,.58065099,96.471085,97.894806
2017m12,2017,december,.20776713,.57975066,96.682091,97.743019
2018m1,2018,january,.20790544,.57998973,96.746452,97.783325
2018m2,2018,february,.20856798,.57971627,97.054756,97.737221
2018m3,2018,march,.20873772,.58017963,97.133743,97.815338
2018m4,2018,april,.2083334,.58010805,96.945595,97.803268
2018m5,2018,may,.20762552,.58120328,96.616196,97.987923
2018m6,2018,june,.20739031,.58202183,96.506737,98.125923
2018m7,2018,july,.20836717,.58218253,96.961311,98.153015
2018m8,2018,august,.20763296,.58058071,96.619652,97.882957
2018m9,2018,september,.20742533,.57987118,96.523033,97.763336
2018m10,2018,october,.2085807,.57943821,97.060677,97.690338
2018m11,2018,november,.20930126,.58048767,97.395981,97.867271
2018m12,2018,december,.20997733,.58126295,97.710579,97.997978
2019m1,2019,january,.21011309,.58140713,97.773758,98.022285
2019m2,2019,february,.21006763,.58159113,97.752602,98.053307
2019m3,2019,march,.2101468,.5833903,97.789444,98.356644
2019m4,2019,april,.20996648,.58450031,97.705528,98.543785
2019m5,2019,may,.21004464,.58599734,97.741898,98.796173
2019m6,2019,june,.21019897,.58691633,97.813721,98.951111
2019m7,2019,july,.21001273,.58879495,97.727058,99.267838
2019m8,2019,august,.21211672,.58938783,98.706123,99.367798
2019m9,2019,september,.2129447,.59033418,99.091415,99.527344
2019m10,2019,october,.21357618,.59219205,99.385269,99.840569
2019m11,2019,november,.21447605,.59251463,99.804008,99.894958
2019m12,2019,december,.21432564,.59255308,99.734016,99.901436
2020m1,2020,january,.21489723,.59313768,100,100
2020m2,2020,february,.21624343,.59467876,100.62644,100.25982
2020m3,2020,march,.21629781,.59028918,100.65174,99.51976
2020m4,2020,april,.21114619,.57379943,98.254494,96.73967
2020m5,2020,may,.20751384,.55901092,96.564224,94.246399
2020m6,2020,june,.20367673,.54747218,94.778664,92.301025
2020m7,2020,july,.20110787,.53726137,93.583282,90.579536
2020m8,2020,august,.19843739,.5322181,92.340599,89.729271
2020m9,2020,september,.19741577,.52744401,91.865196,88.924377
2020m10,2020,october,.19702299,.52334064,91.682426,88.232574
2020m11,2020,november,.19645409,.52009457,91.417694,87.685303
2020m12,2020,december,.19563186,.51761621,91.03508,87.267464
2021m1,2021,january,.19476831,.51477355,90.633232,86.788208
2021m2,2021,february,.19369011,.50982034,90.131508,85.953117
2021m3,2021,march,.19387816,.50889438,90.219009,85.797005
2021m4,2021,april,.20093104,.52174544,93.500992,87.963631
2021m5,2021,may,.20677747,.53301716,96.221558,89.863983
2021m6,2021,june,.211432,.5428834,98.387489,91.527382
2021m7,2021,july,.21589538,.55015862,100.46448,92.753952
2021m8,2021,august,.21898052,.5537833,101.90012,93.365051
2021m9,2021,september,.22068834,.55639607,102.69483,93.80555
2021m10,2021,october,.22144213,.55865419,103.04559,94.186256
2021m11,2021,november,.22271317,.56243032,103.63706,94.822899
2021m12,2021,december,.2242191,.56624091,104.33783,95.46534
2022m1,2022,january,.22612256,.5683217,105.22358,95.816154
2022m2,2022,february,.22737134,.57102072,105.80469,96.271194
2022m3,2022,march,.22927338,.57320571,106.68978,96.639572
2022m4,2022,april,.23050033,.57394147,107.26073,96.763618
2022m5,2022,may,.23119274,.57531959,107.58293,96.995956
2022m6,2022,june,.23249336,.57632917,108.18816,97.166168
2022m7,2022,july,.23256972,.57745892,108.22369,97.356644
2022m8,2022,august,.23423083,.57937402,108.99667,97.679512
2022m9,2022,september,.23422027,.5817852,108.99176,98.086029
2022m10,2022,october,.235332,.58290142,109.50909,98.274216
2022m11,2022,november,.23656173,.58270752,110.08133,98.241531
2022m12,2022,december,.23791146,.58122402,110.70941,97.991417
2023m1,2023,january,.23891622,.58209968,111.17696,98.139046
2023m2,2023,february,.23972279,.58303154,111.55229,98.296158
2023m3,2023,march,.23982315,.58399546,111.59899,98.458672
2023m4,2023,april,.23988929,.5866968,111.62978,98.914101
2023m5,2023,may,.24017781,.58779603,111.76403,99.099426
2023m6,2023,june,.23971266,.58857465,111.54758,99.230698
2023m7,2023,july,.23926747,.58890367,111.34042,99.286163
2023m8,2023,august,.23797144,.58998168,110.73732,99.467911
2023m9,2023,september,.23770927,.58998168,110.61533,99.467911
2023m10,2023,october,.23764238,.58959842,110.5842,99.403297
2023m11,2023,november,.23730823,.58975077,110.42871,99.428986
2023m12,2023,december,.23683979,.59033483,110.21072,99.527451
2024m1,2024,january,.23669618,.58988518,110.1439,99.451645
2024m2,2024,february,.23573904,.58887821,109.6985,99.281876
2024m3,2024,march,.23601319,.58968443,109.82607,99.417801
2024m4,2024,april,.23584951,.59066415,109.74991,99.582977
2024m5,2024,may,.23582734,.59037292,109.73959,99.533875
2024m6,2024,june,.23586646,.59001619,109.75779,99.473732
2024m7,2024,july,.23535539,.58889401,109.51997,99.284538
2024m8,2024,august,.23324749,.5866546,108.53909,98.906982
2024m9,2024,september,.23243769,.58511269,108.16225,98.647026
2024m10,2024,october,.23053811,.58451343,107.27831,98.545998
2024m11,2024,november,.22846025,.58452165,106.3114,98.547379
2024m12,2024,december,.22723833,.58537638,105.74279,98.691483
2025m1,2025,january,.22528081,.58613974,104.83188,98.820183
2025m2,2025,february,.22447763,.58658576,104.45813,98.895378
2025m3,2025,march,.22336453,.58561295,103.94016,98.731369
2025m4,2025,april,.22167623,.58428735,103.15453,98.507881
2025m5,2025,may,.21971349,.58297509,102.2412,98.286636
2025m6,2025,june,.21803939,.5806632,101.46217,97.896866
2025m7,2025,july,.21615657,.57984513,100.58602,97.758942
2025m8,2025,august,.21600157,.57850075,100.51389,97.532288
2025m9,2025,september,.21613446,.57801265,100.57573,97.449997
2025m11,2025,november,.21686675,.57766211,100.91649,97.3909
2025m12,2025,december,.21703702,.57602376,100.99573,97.114677
2026m1,2026,january,.21705599,.57520872,101.00455,96.977272
2026m2,2026,february,.21771811,.57482255,101.31267,96.912163
2026m3,2026,march,.21700205,.57522982,100.97945,96.980827
