"","occ2010","occ2018","xwalk_wt_fnl"
"1",10,10,1
"2",20,20,1
"3",30,30,1
"4",40,40,1
"5",50,40,0.333333333333333
"6",50,51,0.333333333333333
"7",50,52,0.333333333333333
"8",60,60,1
"9",100,60,0.333333333333333
"10",100,101,0.488928934684535
"11",100,102,0.511071065315465
"12",110,110,1
"13",120,120,1
"14",135,135,1
"15",136,136,1
"16",137,137,1
"17",140,140,1
"18",150,150,1
"19",160,160,1
"20",205,205,1
"21",220,220,1
"22",230,230,1
"23",300,300,1
"24",310,310,0.92230247469873
"25",325,325,1
"26",330,335,1
"27",340,340,1
"28",350,350,1
"29",360,360,1
"30",400,400,1
"31",410,410,1
"32",420,420,0.954854813726865
"33",425,425,0.5
"34",425,426,0.5
"35",430,440,0.827363612476082
"36",500,500,1
"37",510,510,1
"38",520,520,1
"39",530,530,1
"40",540,540,1
"41",565,565,1
"42",600,600,1
"43",630,630,1
"44",700,700,1
"45",700,705,0.5
"46",710,710,1
"47",725,725,1
"48",726,726,1
"49",640,640,1
"50",650,650,1
"51",735,735,1
"52",740,750,1
"53",800,800,1
"54",810,810,1
"55",820,820,1
"56",830,830,1
"57",840,845,1
"58",850,850,1
"59",860,860,1
"60",900,900,1
"61",910,910,1
"62",930,930,1
"63",940,940,1
"64",950,960,1
"65",1005,1005,1
"66",1006,1006,1
"67",1107,1108,1
"68",1010,1010,1
"69",1020,1010,0.333333333333333
"70",1020,1021,0.980005469650611
"71",1020,1022,0.0199945303493893
"72",1050,1050,1
"73",1060,1065,1
"74",1105,1105,1
"75",1007,1007,1
"76",1030,1007,0.333333333333333
"77",1030,1031,0.333333333333333
"78",1030,1032,0.333333333333333
"79",1106,1106,1
"80",1200,1200,1
"81",1210,1210,1
"82",1220,1220,1
"83",1230,1230,1
"84",1240,1240,1
"85",1300,1240,0.333333333333333
"86",1300,1305,0.904958513299005
"87",1300,1306,0.0950414867009946
"88",1310,1310,1
"89",1320,1320,1
"90",1330,1330,1
"91",1340,1340,1
"92",1350,1350,1
"93",1360,1360,1
"94",1400,1400,1
"95",1410,1410,1
"96",1420,1420,1
"97",1430,1430,1
"98",1440,1440,1
"99",1450,1450,1
"100",1460,1460,1
"101",1500,1500,1
"102",1510,1510,1
"103",1520,1520,1
"104",1530,1530,0.949227598382926
"105",1540,1530,0.333333333333333
"106",1540,1541,0.378553668616792
"107",1540,1545,0.621446331383208
"108",1550,1545,0.333333333333333
"109",1550,1551,0.159407480818193
"110",1550,1555,0.840592519181807
"111",1560,1560,1
"112",1600,1600,1
"113",1610,1610,1
"114",1640,1640,1
"115",1650,1650,1
"116",1660,1660,1
"117",1700,1700,1
"118",1710,1710,1
"119",1720,1720,1
"120",1740,1720,0.333333333333333
"121",1740,1745,0.596910341029352
"122",1740,1750,0.403089658970648
"123",1760,1760,1
"124",1800,1800,1
"125",1815,1815,1
"126",1820,1815,0.25
"127",1820,1821,0.0517180597542766
"128",1820,1822,0.283976547884094
"129",1820,1825,0.664305392361629
"130",1830,1830,1
"131",1840,1840,1
"132",1860,1860,1
"133",1900,1900,1
"134",1910,1910,1
"135",1920,1920,1
"136",1930,1935,1
"137",1940,1940,1
"138",1950,1950,1
"139",1965,1970,1
"140",2000,1970,0.142857142857143
"141",2000,2001,0.175566211099328
"142",2000,2002,0.299434098193434
"143",2000,2003,0.0406993799365059
"144",2000,2004,0.213913636080608
"145",2000,2005,0.018229819733135
"146",2000,2006,0.252156854956989
"147",2010,2006,0.2
"148",2010,2011,0.0716797638070387
"149",2010,2012,0.150634070177454
"150",2010,2013,0.0237314234959831
"151",2010,2014,0.574005478700202
"152",2015,2015,1
"153",2016,2016,1
"154",2025,2025,1
"155",2040,2040,1
"156",2050,2050,1
"157",2060,2060,1
"158",2100,2100,0.984022063484682
"159",2105,2105,1
"160",2110,2110,1
"161",2145,2145,1
"162",2160,2145,0.25
"163",2160,2862,0.25
"164",2160,2170,0.25
"165",2160,2180,0.25
"166",2200,2205,1
"167",2300,2300,1
"168",2310,2310,1
"169",2320,2320,1
"170",2330,2330,1
"171",2340,2330,0.333333333333333
"172",2340,2350,0.154792435375171
"173",2340,2360,0.845207564624829
"174",2400,2400,1
"175",2430,2435,1
"176",2440,2440,1
"177",2540,2545,1
"178",2550,2555,1
"179",2600,2600,1
"180",2630,2600,0.125
"181",2630,2631,0.0146568374796806
"182",2630,2632,0.0629348039463763
"183",2630,2633,0.0356450872441694
"184",2630,2634,0.345020482953286
"185",2630,2635,0.140353153094727
"186",2630,2636,0.044958518696594
"187",2630,2640,0.356431116585167
"188",2700,2700,0.183141923598501
"189",2710,2710,1
"190",2720,2710,0.25
"191",2720,2721,0.0996579443457879
"192",2720,2722,0.801804932306112
"193",2720,2723,0.0985371233481004
"194",2740,2740,1
"195",2750,2740,0.25
"196",2750,2751,0.277841455821549
"197",2750,2752,0.722158544178451
"198",2750,2755,0.25
"199",2760,2770,0.762019322528319
"200",2800,2805,1
"201",2810,2810,0.489946049540934
"202",2825,2825,1
"203",2830,2830,1
"204",2840,2840,1
"205",2850,2850,1
"206",2860,2850,0.333333333333333
"207",2860,2861,0.905689859677975
"208",2860,2865,0.0943101403220249
"209",2900,2905,1
"210",2910,2910,1
"211",2920,2920,1
"212",2960,2970,1
"213",3000,3000,1
"214",3010,3010,1
"215",3030,3030,1
"216",3040,3040,1
"217",3050,3050,1
"218",3060,3050,0.2
"219",3060,3065,0.2
"220",3060,3070,0.2
"221",3060,3090,0.922664962839596
"222",3060,3100,0.0773350371604043
"223",3110,3110,1
"224",3120,3120,1
"225",3150,3150,1
"226",3160,3160,1
"227",3200,3200,1
"228",3210,3210,1
"229",3220,3220,1
"230",3230,3230,1
"231",3235,3235,1
"232",3245,3245,1
"233",3250,3250,1
"234",3255,3255,1
"235",3256,3256,1
"236",3257,3257,1
"237",3258,3258,1
"238",3140,3140,1
"239",3260,3140,0.333333333333333
"240",3260,3261,0.379631637447726
"241",3260,3270,0.620368362552274
"242",3300,3300,1
"243",3310,3310,1
"244",3320,3310,0.166666666666667
"245",3320,3321,0.108531650203363
"246",3320,3322,0.273412870104285
"247",3320,3323,0.421334809851895
"248",3320,3324,0.118628036738083
"249",3320,3330,0.0780926331023747
"250",3400,3330,0.333333333333333
"251",3400,3401,0.542655378937679
"252",3400,3402,0.457344621062321
"253",3420,3402,0.166666666666667
"254",3420,3421,0.166666666666667
"255",3420,3422,0.166666666666667
"256",3420,3423,0.166666666666667
"257",3420,3424,0.166666666666667
"258",3420,3430,0.166666666666667
"259",3500,3500,1
"260",3510,3515,1
"261",3520,3520,1
"262",3535,3545,1
"263",3540,3545,0.333333333333333
"264",3540,3550,0.661020391723185
"265",3540,1980,0.338979608276815
"266",3600,1980,0.25
"267",3600,3601,0.326397453224551
"268",3600,3603,0.646442248909019
"269",3600,3605,0.0271602978664301
"270",3610,3610,1
"271",3620,3620,1
"272",3630,3630,1
"273",3640,3640,1
"274",3645,3645,1
"275",3646,3646,1
"276",3647,3647,1
"277",3648,3648,1
"278",3649,3649,1
"279",3655,3655,1
"280",3700,3700,1
"281",3710,3710,1
"282",3720,3720,1
"283",3730,3720,0.333333333333333
"284",3730,3725,1
"285",3730,3735,0.333333333333333
"286",3740,3740,1
"287",3750,3750,1
"288",3800,3750,0.333333333333333
"289",3800,3801,0.0555541008457126
"290",3800,3802,0.944445899154287
"291",3820,3820,0.166081873893661
"292",3830,3830,1
"293",3840,3840,0.5
"294",3840,3870,0.5
"295",3850,3870,1
"296",3860,3870,1
"297",3900,3900,1
"298",3910,3910,1
"299",3930,3930,1
"300",3940,3940,1
"301",3945,3945,1
"302",3955,3945,0.333333333333333
"303",3955,3946,0.333333333333333
"304",3955,3960,0.333333333333333
"305",4000,4000,0.184040109551024
"306",4010,4010,1
"307",4020,4020,1
"308",4030,4030,1
"309",4040,4040,1
"310",4040,4055,0.5
"311",4050,4055,1
"312",4060,4055,1
"313",4110,4110,1
"314",4120,4120,1
"315",4130,4130,0.982873839079175
"316",4140,4140,1
"317",4150,4150,1
"318",4160,4160,1
"319",4200,4200,1
"320",4210,4210,1
"321",4220,4220,1
"322",4230,4230,1
"323",4240,4240,1
"324",4250,4240,0.2
"325",4250,4251,0.908018492122337
"326",4250,4252,0.0700817024751464
"327",4250,4255,0.0218998054025162
"328",4250,4330,0.2
"329",4300,4330,1
"330",4320,4330,1
"331",4340,4340,1
"332",4350,4350,1
"333",4400,4400,1
"334",4410,4400,1
"335",4420,4420,1
"336",4430,4435,1
"337",4460,4461,0.223535490516168
"338",4465,4465,1
"339",4500,4500,1
"340",4510,4510,1
"341",4520,4510,0.25
"342",4520,4521,0.653692194178527
"343",4520,4522,0.289292730914313
"344",4520,4525,0.0570150749071599
"345",4530,4530,1
"346",4540,4540,1
"347",4600,4600,1
"348",4610,3602,1
"349",4620,3602,0.333333333333333
"350",4620,4621,0.639870212379525
"351",4620,4622,0.360129787620475
"352",4640,4640,1
"353",4650,4655,1
"354",4700,4700,0.748511553365386
"355",4710,4710,1
"356",4720,4720,1
"357",4740,4740,1
"358",4750,4750,1
"359",4760,4760,1
"360",4800,4800,1
"361",4810,4810,1
"362",4820,4820,1
"363",4830,4830,1
"364",4840,4840,1
"365",4850,4850,1
"366",4900,4900,1
"367",4920,4920,1
"368",4930,4930,1
"369",4940,4940,1
"370",4950,4950,1
"371",4965,4965,1
"372",5000,5000,1
"373",5010,5010,1
"374",5020,5020,1
"375",5030,5040,1
"376",5100,5100,1
"377",5110,5110,1
"378",5120,5120,1
"379",5130,5130,1
"380",5140,5140,1
"381",5150,5150,1
"382",5160,5160,1
"383",5165,5165,1
"384",5200,5200,1
"385",5210,5210,1
"386",5220,5220,1
"387",5230,5230,1
"388",5240,5240,1
"389",5250,5250,1
"390",5260,5260,1
"391",5300,5300,1
"392",5310,5310,1
"393",5320,5320,1
"394",5330,5330,1
"395",5340,5340,1
"396",5350,5350,1
"397",5360,5360,1
"398",5400,5400,1
"399",5410,5410,1
"400",5420,5420,1
"401",5500,5500,1
"402",5510,5510,1
"403",5520,5510,0.333333333333333
"404",5520,5521,0.355050501062959
"405",5520,5522,0.644949498937041
"406",5530,5530,1
"407",5540,5540,1
"408",5550,5550,1
"409",5560,5560,1
"410",5600,5600,1
"411",5610,5610,1
"412",5620,9645,1
"413",5630,5630,1
"414",5700,5630,0.2
"415",5700,5710,0.133159516093478
"416",5700,5720,0.0289485654391935
"417",5700,5730,0.0430345866340153
"418",5700,5740,0.794857331833314
"419",5800,5740,1
"420",5810,5810,1
"421",5820,5820,1
"422",5830,5830,1
"423",5840,5840,1
"424",5850,5850,1
"425",5860,5860,1
"426",5900,5900,1
"427",5910,5910,1
"428",5920,5920,1
"429",5940,5940,1
"430",6005,6005,1
"431",6010,6010,1
"432",6020,6020,1
"433",6040,6040,1
"434",6050,6050,1
"435",6050,6115,0.5
"436",6100,6115,1
"437",6110,6115,1
"438",6120,6120,1
"439",6130,6130,1
"440",6200,6200,1
"441",6210,6210,1
"442",6220,6220,1
"443",6230,6230,1
"444",6240,6240,1
"445",6250,6250,1
"446",6260,6260,1
"447",6260,6305,0.5
"448",6300,6305,1
"449",6310,6305,1
"450",6320,6305,1
"451",6330,6330,1
"452",6355,6355,1
"453",6360,6360,1
"454",6400,6400,1
"455",6400,6410,0.5
"456",6420,6410,1
"457",6430,6410,1
"458",6440,6410,0.333333333333333
"459",6440,6441,0.0991679007120844
"460",6440,6442,0.900832099287916
"461",6460,6460,1
"462",6500,6500,1
"463",6515,6515,1
"464",6520,6520,1
"465",6530,6530,1
"466",6540,6540,1
"467",6600,6600,1
"468",6660,6660,1
"469",6700,6700,1
"470",6710,6710,1
"471",6720,6720,1
"472",6730,6730,1
"473",6740,6740,1
"474",6750,6750,1
"475",6765,6765,0.689892692020869
"476",6800,6800,1
"477",6820,6825,1
"478",6830,6835,1
"479",6830,6850,0.5
"480",6840,6850,1
"481",6910,6850,1
"482",6920,6920,1
"483",6930,6920,1
"484",6940,6950,1
"485",7000,7000,1
"486",7010,7010,1
"487",7020,7020,1
"488",7030,7030,1
"489",7040,7040,1
"490",7050,7050,1
"491",7100,7100,1
"492",7110,7110,1
"493",7120,7120,1
"494",7130,7130,1
"495",7140,7140,1
"496",7150,7150,1
"497",7160,7160,1
"498",7200,7200,1
"499",7210,7210,1
"500",7220,7220,1
"501",7240,7240,1
"502",7260,7260,1
"503",7300,7300,1
"504",7315,7315,1
"505",7320,7320,1
"506",7330,7330,1
"507",7340,7340,1
"508",7350,7350,1
"509",7360,7360,1
"510",7410,7410,1
"511",7420,7420,1
"512",7430,7430,1
"513",7440,7440,1
"514",7510,7510,1
"515",7520,7520,1
"516",7540,7540,1
"517",7550,7550,1
"518",7560,7560,1
"519",7600,7560,1
"520",7610,7610,1
"521",7610,7640,0.5
"522",7630,7640,1
"523",7700,7700,1
"524",7710,7710,1
"525",7720,7720,1
"526",7730,7730,1
"527",7740,7740,1
"528",7750,7750,1
"529",7800,7800,1
"530",7810,7810,1
"531",7830,7830,1
"532",7840,7840,1
"533",7850,7850,1
"534",7855,7855,1
"535",7900,7905,1
"536",7900,7925,0.5
"537",7920,7925,1
"538",7930,7925,1
"539",7940,7925,1
"540",7950,7950,1
"541",8000,8000,1
"542",8000,8025,0.5
"543",7960,8025,1
"544",8010,8025,1
"545",8020,8025,1
"546",8030,8030,1
"547",8040,8040,1
"548",8060,8060,1
"549",8100,8100,1
"550",8130,8130,1
"551",8140,8140,1
"552",8140,8225,0.5
"553",8120,8225,1
"554",8150,8225,1
"555",8160,8225,1
"556",8200,8225,1
"557",8210,8225,1
"558",8220,8225,1
"559",8250,8250,1
"560",8255,8255,1
"561",8256,8256,1
"562",8300,8300,1
"563",8310,8310,1
"564",8320,8320,1
"565",8320,8335,0.5
"566",8330,8335,1
"567",8340,8335,1
"568",8350,8350,1
"569",8350,8365,0.5
"570",8360,8365,1
"571",8400,8365,1
"572",8410,8365,1
"573",8420,8365,1
"574",8450,8450,1
"575",8450,8465,0.5
"576",8430,8465,1
"577",8440,8465,1
"578",8460,8465,1
"579",8500,8500,1
"580",8510,8510,1
"581",8530,8530,1
"582",8540,8540,1
"583",8540,8555,0.5
"584",8520,8555,1
"585",8550,8555,1
"586",8600,8600,1
"587",8610,8610,1
"588",8620,8620,1
"589",8630,8630,1
"590",8640,8640,1
"591",8650,8650,1
"592",8710,8710,1
"593",8720,8720,1
"594",8730,8730,1
"595",8740,8740,1
"596",8750,8750,1
"597",8760,8760,1
"598",8800,8800,1
"599",8810,8810,1
"600",8830,8830,1
"601",8850,8850,1
"602",8910,8910,1
"603",8920,8920,1
"604",8930,8930,1
"605",8940,8940,1
"606",8950,8950,1
"607",8950,8865,0.5
"608",8860,8865,1
"609",8900,8865,0.5
"610",8900,8990,0.5
"611",8840,8990,1
"612",8965,8990,1
"613",9000,9005,1
"614",9030,9030,1
"615",9040,9040,1
"616",9050,9050,0.78959286486807
"617",9110,9110,1
"618",9120,9110,0.333333333333333
"619",9120,9121,0.333333333333333
"620",9120,9122,0.333333333333333
"621",9130,9130,1
"622",9140,9130,0.333333333333333
"623",9140,9141,0.145156318462537
"624",9140,9142,0.854843681537463
"625",9150,9150,1
"626",9200,9210,1
"627",9240,9240,1
"628",9240,9265,0.5
"629",9230,9265,1
"630",9260,9265,1
"631",9300,9300,1
"632",9330,9330,1
"633",9310,9310,1
"634",9350,9350,1
"635",9360,9365,1
"636",9410,9410,1
"637",9415,9415,0.5
"638",9415,9430,0.5
"639",9340,9430,1
"640",9420,9430,1
"641",9510,9510,1
"642",9510,6821,0.333333333333333
"643",9510,9570,0.333333333333333
"644",9500,9570,1
"645",9520,9570,1
"646",9560,9570,1
"647",9600,9600,1
"648",9610,9610,1
"649",9620,9620,1
"650",9630,9630,1
"651",9640,9640,1
"652",9650,9650,1
"653",9720,9720,1
"654",9720,9760,0.5
"655",9740,9760,1
"656",9750,9760,1
"657",9730,9760,1
"658",9800,9800,1
"659",9810,9810,1
"660",9820,9825,1
"661",9830,9830,1
"662",9920,9920,1
"663",0,0,1
"664",-1,-1,1
