"","census_2018","AIOE_sim","AIOE_quint_sim","AIOE_admin","AIOE_quint_admin","AIOE_wgt","AIOE_quint_wgt"
"1","0010",0.0471692407338198,5,1.334246,5,0.667753413457927,5
"2","0020",0.0140759695127639,4,0.5748773,4,0.312941632830935,4
"3","0040",0.0455777037350789,5,1.294387,5,0.611214599076818,5
"4","0051",0.0459928975719176,5,1.315032,5,0.621293508547281,5
"5","0052",0.0411349374547573,4,1.26628,5,0.59122012648653,5
"6","0060",NA,NA,1.293689,5,NA,NA
"7","0101",0.0183519298545525,4,0.7398278,4,0.363795259739303,4
"8","0102",NA,NA,0.7398278,4,NA,NA
"9","0110",0.0321364133344345,4,1.059853,4,0.520597711147972,4
"10","0120",0.0533957429959212,5,1.446232,5,0.713143350046002,5
"11","0135",0.0476930848121891,5,1.298235,5,0.597012594792076,5
"12","0136",0.0453945726685427,5,1.320417,5,0.612691650740805,5
"13","0137",0.044720484548813,5,1.284423,5,0.622290292780104,5
"14","0140",0.0118288144560099,3,0.5086878,4,0.332018712696236,4
"15","0150",0.0529579174764844,5,1.423426,5,0.689845553620398,5
"16","0160",0.0253136952140848,4,0.8907923,4,0.569389713742608,5
"17","0205",-0.0030307827438237,3,-0.1443684,3,0.168313109228237,3
"18","0220",0.0285460482338483,4,1.029139,4,0.485918131459102,4
"19","0230",0.115530750455315,5,0.925523375,4,0.509421663538935,4
"20","0300",0.0233554471986778,4,0.8370105,4,0.4644708423618,4
"21","0310",-0.00286058457261527,3,-0.1213112,3,0.15831401488977,3
"22","0325",0.0084589070552616,3,0.3719018,3,0.276822256271488,3
"23","0335",0.0470300167633756,5,0.89730395,4,0.391805748032832,4
"24","0340",0.00918708875801114,3,0.4021726,3,0.280563742757541,3
"25","0350",0.0426164488686687,4,1.260259,5,0.590126432811148,5
"26","0360",0.0463465795260549,5,1.327906,5,0.669950984163288,5
"27","0400",0.0226025603299744,4,0.8233757,4,0.422014878383828,4
"28","0410",0.0433114567872583,5,1.215396,5,0.609432819556705,5
"29","0420",0.0364378495265069,4,1.156153,5,0.520143981967769,4
"30","0425",0.0263364043612073,4,1.030768,4,0.455302184779832,4
"31","0426",0.0239226650158381,4,0.9646872,4,0.212210631706101,3
"32","0440",0.0265899942558447,4,0.9646872,4,0.460639300072482,4
"33","0500",0.040525967441165,4,1.068559,4,0.599258264950853,5
"34","0510",0.0216833256052468,4,0.7687054,4,0.380089975070344,4
"35","0520",0.0236525732520115,4,0.8188258,4,0.354397196102042,4
"36","0530",0.0559170511457663,5,1.509181,5,0.667935933339521,5
"37","0540",0.0524700908721066,5,0.96875975,4,0.440504418549422,4
"38","0565",0.0169390979912003,4,0.6981205,4,0.405229461077556,4
"39","0600",0.0489952057320509,5,1.367669,5,0.622982842261026,5
"40","0630",0.0711326052492365,5,0.7531605,4,0.403959172379205,4
"41","0640",0.0500044312254024,5,1.440985,5,0.65032770532254,5
"42","0650",0.0426809496983104,5,1.198409,5,0.622706714947768,5
"43","0700",0.0446653708187413,5,1.297303,5,0.658514935087312,5
"44","0705",NA,NA,1.08169306666667,4,NA,NA
"45","0710",0.0546492954516027,5,1.432417,5,0.67683297053231,5
"46","0725",0.00931894536797428,3,0.3740207,3,0.292698478323778,4
"47","0726",0.0440523012878232,5,1.242567,5,0.606723997637159,5
"48","0735",0.051845782091263,5,1.426757,5,0.6725192083233,5
"49","0750",0.0335064645198783,4,1.047687,4,0.649660550253832,5
"50","0800",0.0528487492527054,5,1.481956,5,0.696765925559894,5
"51","0810",0.0408157354734104,4,0.8413203,4,0.371105944977265,4
"52","0820",0.0561308441865445,5,1.502988,5,0.708804987477824,5
"53","0830",0.048893808572203,5,1.345268,5,0.666654945772013,5
"54","0845",NA,NA,1.380615,5,NA,NA
"55","0850",0.0526197729894118,5,1.400749,5,0.693575612459249,5
"56","0860",0.0444841271898058,5,1.326652,5,0.591492211951898,5
"57","0900",0.0570544358432786,5,1.526064,5,0.717593215049426,5
"58","0910",0.0945369381287198,5,1.38556,5,0.593612026590811,5
"59","0930",0.0471219773421767,5,1.36682,5,0.653205356999415,5
"60","0940",0.045389447938893,5,1.29371,5,0.567919577010268,5
"61","0960",0.709829931137519,5,1.3238701,5,0.622396427219248,5
"62","1005",0.0377890735557611,4,1.154269,5,0.570754578944023,5
"63","1006",0.0391925404283036,4,1.19815,5,0.594120690737302,5
"64","1007",0.0405348927735745,4,1.250146,5,0.575214021996924,5
"65","1010",0.0420804152345407,4,1.271506,5,0.563491275556572,5
"66","1021",NA,NA,1.2421155,5,NA,NA
"67","1022",0.119334806781142,5,1.23897866666667,5,0.557790995425114,5
"68","1031",0.0346597808916532,4,1.089463,4,0.534186998937702,4
"69","1032",0.0736750737231823,5,1.161084,5,0.556544267279357,5
"70","1050",0.0290912711131548,4,0.5427018,4,0.338689915941112,4
"71","1065",0.15417187268382,5,1.03445862,4,0.498355068215955,4
"72","1105",0.0216612357177964,4,0.7895315,4,0.439013022289727,4
"73","1106",0.0159749782779453,4,0.5803306,4,0.412004588784486,4
"74","1108",0.0592433928932866,5,0.96837845,4,0.606525878514288,5
"75","1200",0.056832606766947,5,1.516474,5,0.726151057595039,5
"76","1210",0.058864916940113,5,1.472319,5,0.737186940762468,5
"77","1220",0.0556461760852529,5,1.40002,5,0.684762388774073,5
"78","1230",0.0482375342853298,5,1.382724,5,0.633022162015775,5
"79","1240",0.240408026744402,5,1.30550346,5,0.687319293807341,5
"80","1305",0.0334573557368874,4,1.047142,4,0.575006464443144,5
"81","1306",0.0342276992756172,4,1.034388,4,0.558395917126343,5
"82","1310",0.0233828828715051,4,0.48152925,4,0.277510387268516,3
"83","1320",0.0467463389194495,5,1.338738,5,0.673339132974119,5
"84","1330",0.0242478111218819,4,0.9409636,4,0.443597800122505,4
"85","1340",0.0294333367001016,4,0.9874239,4,0.512638605844691,4
"86","1350",0.0437650334902444,5,1.341336,5,0.636317303535257,5
"87","1360",0.0417174677384881,4,1.282867,5,0.644556105367324,5
"88","1400",0.0382697997933526,4,1.141812,5,0.579349099124014,5
"89","1410",0.0513964224680779,5,0.8960914,4,0.451697334732296,4
"90","1420",0.04729325888721,5,1.343561,5,0.675456763769413,5
"91","1430",0.0598321319464883,5,1.06638175,4,0.500512386381659,4
"92","1440",0.0130900054347714,3,0.5472173,4,0.335478558990538,4
"93","1450",0.0304766005973474,4,1.037278,4,0.491342503615171,4
"94","1460",0.0278059445271937,4,1.004709,4,0.524452850230218,4
"95","1500",0.042727726923747,5,1.34695,5,0.638122804823907,5
"96","1510",0.042306795727273,4,1.303009,5,0.646782529074774,5
"97","1520",0.0429109783076086,5,1.247779,5,0.672062730174232,5
"98","1530",0.0209924393125752,4,0.787566,4,0.442830369993529,4
"99","1541",0.0280220181938095,4,0.9233925,4,0.498074263952596,4
"100","1545",0.081860888752722,5,0.891521866666667,4,0.476275527954796,4
"101","1551",0.00877627195581253,3,0.3515252,3,0.316100648775334,4
"102","1555",0.0526246569316484,5,0.254914311111111,3,0.23231731060319,3
"103","1560",0.00192641101031375,3,0.0852324,3,0.225789406590479,3
"104","1600",0.0626487677221489,5,0.822595033333333,4,0.396389778463593,4
"105","1610",0.0797849242608428,5,0.732350975,4,0.436610400608335,4
"106","1640",-0.00239595529390114,3,-0.05767485,3,0.200148056470924,3
"107","1650",0.0936871742246245,5,1.3581075,5,0.670168713136715,5
"108","1700",0.0929306166963849,5,1.3597365,5,0.655702445497992,5
"109","1710",0.0459229090396052,5,1.373917,5,0.627742871249882,5
"110","1720",0.0425926670984412,4,0.76694105,4,0.441677544829511,4
"111","1745",0.0277033345514708,4,1.014113,4,0.489880798039944,4
"112","1750",0.0606403691166023,5,0.789656066666667,4,0.436071441105866,4
"113","1760",0.0373252847826571,4,1.140157,5,0.583965415908054,5
"114","1800",0.0542093935884997,5,1.403764,5,0.698483166137396,5
"115","1815",0.0520559438792797,5,1.42653,5,0.67390845962941,5
"116","1821",0.0582261235367032,5,1.456361,5,0.724144167425188,5
"117","1822",0.0552742625400289,5,1.456361,5,0.67433442683061,5
"118","1825",0.215488442976974,5,1.42626275,5,0.7003156065055,5
"119","1830",0.0570040456500244,5,1.411125,5,0.670864722622688,5
"120","1840",0.0414458424868097,4,1.227516,5,0.625844126653787,5
"121","1860",0.199376905791803,5,1.1957393,5,0.574440837259823,5
"122","1900",0.00411661915537936,3,0.095719,3,0.199538654981899,3
"123","1910",0.00717760466523743,3,0.3012355,3,0.242197496631759,3
"124","1920",0.00149710153764997,3,0.0628057,3,0.222939692030329,3
"125","1935",0.0136702295606619,3,0.15839535,3,0.194492655524123,3
"126","1940",0.00372955698411247,3,0.1696743,3,0.253112426705454,3
"127","1950",0.0409427102700023,4,1.204652,5,0.589579705505424,5
"128","1970",0.0613127379400882,5,0.198946423076923,3,0.236576680438549,3
"129","1980",0.0289525415969195,4,0.61731185,4,0.329968483055052,4
"130","2001",0.0325441854984135,4,1.030841,4,0.501171287433479,4
"131","2002",0.0290564908531321,4,0.9739287,4,0.452041589433858,4
"132","2003",0.0492750674891835,5,1.367434,5,0.648432414672036,5
"133","2004",0.0467087093507994,5,1.34239,5,0.590119661036633,5
"134","2005",0.0165524733008492,4,0.5025014,4,0.491346756986711,4
"135","2011",0.0196165058746369,4,0.7761707,4,0.357001091094181,4
"136","2012",0.0283535483319522,4,0.9339648,4,0.45989341250386,4
"137","2013",0.0354312729458342,4,1.119216,4,0.529660284909121,4
"138","2015",0.0123256484364481,3,0.5272448,4,0.203754366197943,3
"139","2016",0.0119906610908127,3,0.4652255,3,0.33800601867872,4
"140","2025",0.0420903559839494,4,0.4303128,3,0.266962343194845,3
"141","2040",0.0419837008865582,4,1.282559,5,0.590971274585734,5
"142","2050",0.0411370997392722,4,1.210922,5,0.579955990917084,5
"143","2100",0.0468100406441537,5,1.328783,5,0.636797505806493,5
"144","2105",0.0557004603697814,5,1.462973,5,0.709604890323187,5
"145","2110",0.16731830627981,5,1.434267,5,0.708167140979908,5
"146","2145",0.0459576429327046,5,1.292055,5,0.591144006174879,5
"147","2170",0.0442810603240646,5,1.279954,5,0.550589333480235,5
"148","2205",1.47053334628595,5,1.21272186,5,0.565468150370473,5
"149","2300",0.010277199182484,3,0.19752095,3,0.242446654942711,3
"150","2310",0.0770065356080136,5,0.897771066666667,4,0.430969761766606,4
"151","2320",0.0451262857819921,5,0.78238775,4,0.419993547536561,4
"152","2330",0.0952543135932984,5,0.573016533333333,4,0.319581943671573,4
"153","2350",0.0481529182260698,5,1.32533,5,0.637407050180804,5
"154","2360",0.19360129701038,5,1.1702586,5,0.514071400768801,4
"155","2400",0.0354723598406526,4,0.440671766666667,3,0.286488873001388,4
"156","2435",0.0407981615172264,4,0.7439546,4,0.392228355550056,4
"157","2440",0.000949124519201793,3,0.037965,3,0.0910084075994244,3
"158","2545",0.0736756167547999,5,0.6165867,4,0.532768903046786,4
"159","2555",0.13012692601073,5,0.77143415,4,0.512048179602537,4
"160","2600",0.00993972323237783,3,0.057449225,3,0.213708991981916,3
"161","2631",0.0260992043210294,4,0.867039,4,0.46217491522708,4
"162","2632",0.0170895952274385,4,0.5801539,4,0.40153946696469,4
"163","2633",-0.00698108822255701,3,-0.2718452,3,0.0597880386474933,2
"164","2634",0.0245913357202351,4,0.7156958,4,0.431500802486656,4
"165","2635",0.0390341186458332,4,1.12168,4,0.576472837788065,5
"166","2636",-0.0246315881684962,2,-1.001413,1,-0.0496585013195335,2
"167","2640",0.0606591331402899,5,0.279911171428571,3,0.281017987152233,3
"168","2700",0.00489089461370601,3,0.1590935,3,0.191584263751784,3
"169","2710",0.0264670464387549,4,0.9388108,4,0.483427926607466,4
"170","2721",-0.0380807670875765,1,-1.814336,1,-0.182685295540171,1
"171","2722",0.00291755474104383,3,0.1168668,3,0.213711385669847,3
"172","2723",-0.000742911796574837,3,-0.0325617,3,0.161787722623048,3
"173","2740",-0.106036087492349,1,-2.1227635,1,-0.266535319797014,1
"174","2751",0.0262924912130357,4,0.8829641,4,0.447602052220397,4
"175","2752",-0.000101841835224514,3,-0.0040058,3,0.155411637610366,3
"176","2805",0.0232522902752418,4,0.8493547,4,0.379868369044966,4
"177","2810",0.0789776410736841,5,1.175098,5,0.558647983624127,5
"178","2825",0.0498155604078081,5,1.284927,5,0.654483227641403,5
"179","2830",0.0390024914837837,4,1.128221,4,0.541585900446883,4
"180","2840",0.0438769441843061,5,1.184001,5,0.551825679583095,5
"181","2850",0.0357969350846951,4,0.9879274,4,0.512774727530539,4
"182","2861",0.0355459158918303,4,1.111319,4,0.4977534009911,4
"183","2862",0.0299914042617805,4,0.835246,4,0.396717400424418,4
"184","2865",NA,NA,0.6650665,4,NA,NA
"185","2905",0.0139292445967965,3,0.1939988,3,0.231227563207951,3
"186","2910",-0.00384980764177944,3,-0.1680973,3,0.107050391778152,3
"187","2920",0.0160845339727887,4,0.26935305,3,0.25701855236353,3
"188","3000",-0.00462730163843742,3,-0.1911757,3,0.135611462154297,3
"189","3010",-0.00996110263975452,3,-0.103693525,3,0.225946747907872,3
"190","3030",0.0482449184208605,5,1.342809,5,0.667851672435495,5
"191","3040",0.0138525710578923,3,0.5040194,4,0.388448011877285,4
"192","3050",0.016790214689582,4,0.6058705,4,0.360294511480898,4
"193","3065",NA,NA,0.7086123,4,NA,NA
"194","3070",0.0184472760033751,4,0.7086123,4,0.379650152019696,4
"195","3090",0.314787877983395,5,0.576161185,4,0.401560105743363,4
"196","3100",0.0138440745522172,3,0.139313025,3,0.346711753780705,4
"197","3110",0.00248188684419457,3,0.1059147,3,0.240611684346298,3
"198","3120",0.0174645263998792,4,0.6279185,4,0.416940370220822,4
"199","3140",0.0172653067622068,4,0.6329063,4,0.41553740125667,4
"200","3150",0.00274895777104996,3,0.1151615,3,0.225738290750769,3
"201","3160",-0.00837941566403318,3,-0.3581922,3,0.0962076666535469,3
"202","3200",-0.00462062302680817,3,-0.2189393,3,0.143774165738855,3
"203","3210",0.00496927409444243,3,0.2190109,3,0.124239894502208,3
"204","3220",-0.00403911547942407,3,-0.1880507,3,0.146502804476447,3
"205","3230",0.035290050414034,4,1.146267,5,0.501107728614398,4
"206","3235",-0.000791394645761635,3,-0.0331901,3,0.169855879547815,3
"207","3250",-0.00177270020068553,3,-0.0749958,3,0.216779633095016,3
"208","3255",0.00551357771436383,3,0.2294097,3,0.288438371532752,4
"209","3256",0.00579536204766398,3,0.2413191,3,0.298283873005484,4
"210","3257",0.00505816330863539,3,0.1966265,3,0.272049449900279,3
"211","3258",0.00463084890676164,3,0.1900572,3,0.266087281785512,3
"212","3261",0.0184438228738063,4,0.7109566,4,0.158040836381483,3
"213","3270",0.0202274780476311,4,0.7109566,4,0.480448750668163,4
"214","3300",0.0039967071834979,3,0.0772376,3,0.272581794520923,3
"215","3310",-0.0102662912251702,3,-0.416508,2,0.0903650551856379,3
"216","3321",-0.00215225498282542,3,-0.0909526,3,0.190588630428302,3
"217","3322",-0.00617425045133364,3,-0.264054,3,0.130280120526611,3
"218","3323",-0.0119989137649174,2,-0.5559037,2,0.0478963481268017,2
"219","3324",-0.0016718206790458,3,-0.0727627,3,0.179766649498512,3
"220","3330",-0.0262966396497113,2,-0.1969999,3,0.153304704438192,3
"221","3401",NA,NA,-0.6863446,2,NA,NA
"222","3402",NA,NA,-0.6863446,2,NA,NA
"223","3421",0.000175652725461289,3,0.0070256,3,0.181204151511287,3
"224","3422",-0.00485321307524425,3,-0.2203484,3,0.123470941686454,3
"225","3423",-0.0111484472885804,2,-0.4830476,2,0.101803511797066,3
"226","3424",-0.00833107268694631,3,-0.3623179,3,0.131772701256457,3
"227","3430",-0.0245415076236935,2,-0.184330416666667,3,0.1394042883452,3
"228","3500",-0.0115975586912321,2,-0.5137373,2,0.108292895030077,3
"229","3515",NA,NA,0.5738765,4,NA,NA
"230","3520",0.00269094082776829,3,0.1013966,3,0.258846961376538,3
"231","3545",0.00698669278048389,3,0.06039275,3,0.276651757436576,3
"232","3550",0.06282345156435,5,0.409846266666667,3,0.230411582417266,3
"233","3601",-0.0143962389961229,2,-0.644942,2,0.0466746536386997,2
"234","3602",-0.0138391149934685,2,-0.5737774,2,-0.0554424383028636,2
"235","3603",-0.0210911764213501,2,-0.9040212,2,-0.0817657366187523,1
"236","3605",-0.0675557215509438,1,-1.02660606666667,1,-0.0839113296235887,1
"237","3610",-0.0244325806229308,2,-0.5444042,2,0.0163533444787993,2
"238","3620",-0.0322529146994579,1,-0.70659,2,-0.0233369840672438,2
"239","3630",-0.0373393797376097,1,-1.410233,1,-0.232628441849224,1
"240","3640",-0.0123659732470171,2,-0.5268759,2,0.0673440062942542,2
"241","3645",0.00361615579568682,3,0.1497917,3,0.216520668762226,3
"242","3646",0.0387973274995157,4,1.06259,4,0.526116562714939,4
"243","3647",-0.00381764998196907,3,-0.1552654,3,0.090618513860266,3
"244","3648",-0.0178526745942189,2,-0.7735824,2,-0.0409847425811589,2
"245","3649",-0.00659578163039941,3,-0.2778475,3,0.0855648406238199,2
"246","3655",-0.0200782305804639,2,-0.135755825,3,0.15218049088708,3
"247","3700",-0.011629525002333,2,-0.5584278,2,0.0582604882332476,2
"248","3710",-0.00394414389812652,3,-0.1923298,3,0.168810736055484,3
"249","3720",-0.0119389048378653,2,-0.593021,2,0.0822185533535362,2
"250","3740",-0.0267197837428129,1,-1.320232,1,-0.0763495143555234,1
"251","3750",-0.00310817831243196,3,-0.07580985,3,0.164628368970761,3
"252","3801",-0.0117057078079114,2,-0.5103183,2,0.0296454729525179,2
"253","3802",-0.0182155810515398,2,-0.8875365,2,0.00256151497616225,2
"254","3820",0.00503100704086719,3,0.2257696,3,0.313236983923156,4
"255","3830",-0.00946584671086043,3,-0.4585168,2,0.0979687364978545,3
"256","3840",-0.0129735317868347,2,-0.6239931,2,-0.00362469202602884,2
"257","3870",-0.029970719482158,1,-0.7443319,2,0.087188579631709,3
"258","3900",-0.0124025674741936,2,-0.5946321,2,0.0220627620450609,2
"259","3910",0.0183318715780053,4,0.7483108,4,0.381005089012391,4
"260","3930",0.00894472735004565,3,0.1687756,3,0.193014532235997,3
"261","3940",-0.0126235493443881,2,-0.5699511,2,-0.0392036293733073,2
"262","3945",-0.0109158398321244,2,-0.5068558,2,0.0588457031525124,2
"263","3946",NA,NA,0.0764088,3,NA,NA
"264","3960",-0.0291739413860746,1,-0.27916556,3,0.0645222674929993,2
"265","4000",-0.00621667527151347,3,-0.2676433,3,0.126310857163956,3
"266","4010",-0.0059173223548206,3,-0.2575492,3,0.125648974539745,3
"267","4020",-0.0794036192432197,1,-0.6942435,2,-0.0416688953884668,2
"268","4030",-0.0299662326450309,1,-1.226416,1,-0.200369116392549,1
"269","4040",-0.0142838676936778,2,-0.6159883,2,0.0391767295726589,2
"270","4055",-0.0237369609155502,2,-0.5078111,2,-0.000373087862913967,2
"271","4110",-0.0236993026828488,2,-0.9481003,2,-0.0638228797837538,1
"272","4120",-0.0169053473684206,2,-0.7270206,2,-0.10953796692333,1
"273","4130",-0.0532335053767736,1,-1.927078,1,-0.363359062691612,1
"274","4140",-0.0421527125589698,1,-1.738612,1,-0.278163761121725,1
"275","4150",-0.00148850293302613,3,-0.0565477,3,0.092913824984526,3
"276","4200",-0.0126591487872924,2,-0.5854128,2,-0.000768786137222239,2
"277","4210",-0.0113113038362234,2,-0.5548871,2,0.0373051532439093,2
"278","4220",-0.0735326012930308,1,-1.458429,1,-0.309316063374318,1
"279","4230",-0.0384801421087109,1,-1.480657,1,-0.315970943599111,1
"280","4240",-0.0146386791540558,2,-0.7255374,2,0.0278343629686668,2
"281","4251",-0.0418348829588736,1,-1.824293,1,-0.280876892411368,1
"282","4252",-0.0375497451203149,1,-1.727035,1,-0.193649403604754,1
"283","4255",-0.0945660421895778,1,-1.47870716666667,1,-0.167540618791932,1
"284","4330",0.0482580066334024,5,0.46295045,3,0.250213821772524,3
"285","4340",-0.0189523518139159,2,-0.9167759,2,-0.0306932964994491,2
"286","4350",-0.021053661698231,2,-0.8890408,2,-0.108241264230718,1
"287","4400",0.0129601043407475,3,0.2629292,3,0.180185811590114,3
"288","4420",-0.00551203581295693,3,-0.2420959,3,0.023164254686665,2
"289","4435",-0.0315588683497192,1,-0.202615857142857,3,0.0547265051850078,2
"290","4461",-0.0312085557362606,1,-0.4886874,2,0.0156410147088033,2
"291","4465",-0.00405213644744957,3,-0.1903759,3,0.0983834925493196,3
"292","4500",-0.0202211746860351,2,-0.7294621,2,-0.0847834528329939,1
"293","4510",-0.0187068835527399,2,-0.6824517,2,0.0313637648918919,2
"294","4521",0.00111101318672511,3,0.0335124,3,0.141133515486703,3
"295","4522",-0.00716813850576911,3,-0.2628396,3,0.0893880316751678,3
"296","4525",-0.0421901463248896,1,-0.398578,2,0.0356648430985268,2
"297","4530",-0.00669630837933703,3,-0.2080915,3,0.0640336293566184,2
"298","4540",0.0243426974392725,4,0.48273945,4,0.339180077972596,4
"299","4600",-0.00840128001417536,3,-0.3834794,2,0.0739073791183365,2
"300","4621",-0.0523398960495576,1,-2.111948,1,-0.329041679721555,1
"301","4622",-0.00597997277042881,3,-0.2441154,3,0.100846619492942,3
"302","4640",0.0111668659995091,3,0.4746119,4,0.225333307941676,3
"303","4700",0.000461610189637205,3,0.0191826,3,0.181796494561225,3
"304","4710",0.0437178275908962,5,1.316195,5,0.594820559227985,5
"305","4720",-0.00681206882541988,3,-0.14909065,3,0.0872733729488805,3
"306","4740",0.00169763544947315,3,0.0784367,3,0.128333345319275,3
"307","4750",-0.00265014028092063,3,-0.1184909,3,0.159675857659015,3
"308","4760",0.00218102997490924,3,0.0873069,3,0.168350371657731,3
"309","4800",0.0354998761654034,4,1.162588,5,0.54758134842093,5
"310","4810",0.0477836168985169,5,1.341258,5,0.624431339717529,5
"311","4820",0.041617377105369,4,1.256298,5,0.588034143644911,5
"312","4830",0.0375839442976731,4,1.133598,5,0.512686250360893,4
"313","4840",NA,NA,1.302674,5,NA,NA
"314","4850",0.0461609518383244,5,0.8568333,4,0.389631897674075,4
"315","4900",-0.0272177419407244,1,-0.4992279,2,-0.0187030046736669,2
"316","4920",0.057053991497489,5,1.00731275,4,0.427474945512041,4
"317","4930",0.0373029641304,4,1.145416,5,0.595117774424875,5
"318","4940",0.0681668646719175,5,1.118129,4,0.491785980045981,4
"319","4950",0.0416356214738611,4,1.107101,4,0.468363274697255,4
"320","5000",0.0315172972274803,4,1.038688,4,0.479412624943548,4
"321","5010",0.0330975708041656,4,0.9832644,4,0.4831027331331,4
"322","5020",0.0378609074415878,4,1.019712,4,0.509704526818021,4
"323","5040",NA,NA,0.926126,4,NA,NA
"324","5100",0.0440244281960964,5,1.271991,5,0.583819460414351,5
"325","5110",0.0457774359238987,5,1.333455,5,0.610855688596386,5
"326","5120",0.0355724471503475,4,1.039749,4,0.508391636163858,4
"327","5130",0.0111037815254206,3,0.4026518,3,0.239981691062922,3
"328","5140",0.0440126204643813,5,1.257632,5,0.563104966948273,5
"329","5150",0.0601463373286639,5,1.487838,5,0.696316342508828,5
"330","5160",0.0121317593178068,3,0.4727723,3,0.28584303411112,3
"331","5200",0.0378860529973481,4,1.144877,5,0.586732315975389,5
"332","5210",0.0394420380314607,4,1.149758,5,0.547439190075216,5
"333","5220",0.0415364099313537,4,1.166267,5,0.536210066151416,4
"334","5230",0.0555844501686387,5,1.440296,5,0.653045833326232,5
"335","5240",0.0309916529437901,4,0.9562519,4,0.583697161437572,5
"336","5250",0.0430843449656831,5,1.226286,5,0.565475617617015,5
"337","5260",0.0082033109005075,3,0.2839743,3,0.242575508706947,3
"338","5300",0.0165385363682584,4,0.6063127,4,0.286781845859659,4
"339","5310",0.0459573982924019,5,1.297031,5,0.572039041192381,5
"340","5320",0.00519271237214796,3,0.2038919,3,0.191390460452254,3
"341","5330",0.0466484643528672,5,1.364395,5,0.614330161051354,5
"342","5340",0.0378554675398348,4,1.174998,5,0.495307086732132,4
"343","5350",0.0240374211813364,4,0.8388861,4,0.39174457354541,4
"344","5360",0.0507885369336596,5,1.353098,5,0.626800268742633,5
"345","5400",0.0335949224672688,4,1.013186,4,0.482729006681055,4
"346","5410",0.00563593341931527,3,0.227312,3,0.236855123111746,3
"347","5500",0.0480108491839435,5,1.405415,5,0.667957379607096,5
"348","5510",-0.0198134148974158,2,-0.9591126,2,-0.0794215426427706,1
"349","5521",0.0235263063046035,4,0.9074452,4,0.421225938541947,4
"350","5522",0.0409664006146731,4,1.234523,5,0.600841858984779,5
"351","5530",-0.0203424540814775,2,-0.9723772,1,-0.111289131803401,1
"352","5540",-0.0123668107171049,2,-0.5186997,2,0.0330166122641042,2
"353","5550",-0.0228143145418028,2,-1.064715,1,-0.12494773962723,1
"354","5560",-0.0281595322943922,1,-1.185001,1,-0.126975087660691,1
"355","5600",0.017658947232043,4,0.6999103,4,0.297196862002972,4
"356","5610",-0.0155259124135728,2,-0.7463213,2,-0.0336098612255573,2
"357","5630",-0.00407076773505911,3,-0.1860789,3,0.136186567476016,3
"358","5710",0.0343307055836419,4,1.079643,4,0.50094360046249,4
"359","5720",0.0354160163019722,4,1.014541,4,0.479605236352593,4
"360","5730",0.0450022123881054,5,1.217982,5,0.561564396066611,5
"361","5740",0.0392298060038422,4,1.099056,4,0.508218094753935,4
"362","5810",0.00890781955590921,3,0.3108081,3,0.262889866426928,3
"363","5820",0.0211125580304017,4,0.6219606,4,0.360600997046736,4
"364","5830",0.00826580218606459,3,0.3437743,3,0.267824751016638,3
"365","5840",0.042566615072612,4,1.240201,5,0.544467900079023,5
"366","5850",-0.0178683693010042,2,-0.8184676,2,-0.0562824798139291,2
"367","5860",0.0305045165267028,4,0.9888986,4,0.467952357705284,4
"368","5900",-0.0120458479707231,2,-0.5171404,2,0.0272694474248186,2
"369","5910",0.0491507565859267,5,1.288375,5,0.526770569378021,4
"370","5920",0.0482220931052865,5,1.389965,5,0.643982682810351,5
"371","6005",-0.00972359890938169,3,-0.4791843,2,0.0999293231138431,3
"372","6010",0.00372873678012764,3,0.1704867,3,0.207709491312247,3
"373","6020",-0.0231610051804134,2,-1.044292,1,-0.136724692953946,1
"374","6040",-0.0423353558330471,1,-1.370968,1,-0.3679076137055,1
"375","6050",-0.0814473321728062,1,-1.284979,1,-0.131390705987207,1
"376","6115",-0.0610314846670405,1,-1.409023,1,-0.168339079649535,1
"377","6120",-0.0218213223093967,2,-1.064205,1,-0.0280692863692231,2
"378","6130",-0.069958234274432,1,-1.09197983333333,1,-0.0837336050829051,1
"379","6200",-0.00626092516890343,3,-0.3054048,3,0.111564796575797,3
"380","6210",-0.0230706515332538,2,-1.097532,1,-0.0635839314162972,1
"381","6220",-0.0737273482049071,1,-1.7345495,1,-0.190035938429468,1
"382","6230",-0.0274290794953022,1,-1.323631,1,-0.116529404646102,1
"383","6240",-0.127005055668739,1,-1.45993825,1,-0.183409158296181,1
"384","6250",-0.0783453785813959,1,-1.776736,1,-0.225685812964473,1
"385","6260",-0.0352018781694354,1,-1.622988,1,-0.223206550591875,1
"386","6305",-0.072900860824868,1,-1.0954186,1,-0.0948259544223263,1
"387","6330",-0.0701262127425569,1,-1.5943725,1,-0.227137346190494,1
"388","6355",-0.0160010994097874,2,-0.7796905,2,-0.00269673588100455,2
"389","6360",-0.0305039693013881,1,-1.388901,1,-0.195494978311395,1
"390","6400",-0.0623790529033469,1,-1.4436935,1,-0.168825649201042,1
"391","6410",-0.0774460629211337,1,-1.65776,1,-0.25351775179888,1
"392","6441",-0.0260346827802435,2,-1.225611,1,-0.126254049369603,1
"393","6442",-0.0228139826244233,2,-1.121219,1,-0.0438654135514058,2
"394","6460",-0.0382467891699464,1,-1.755588,1,-0.241219828011821,1
"395","6500",-0.0447681309094533,1,-1.970997,1,-0.285438224329849,1
"396","6515",-0.0381980067957447,1,-1.752941,1,-0.233540043504939,1
"397","6520",-0.0247973836876247,2,-1.174972,1,-0.0972150056143823,1
"398","6530",-0.038745821059017,1,-1.780065,1,-0.170844278603294,1
"399","6540",-0.0197158112431693,2,-0.9441692,2,-0.0485955652253596,2
"400","6600",-0.230592617633567,1,-1.74940066666667,1,-0.23233168678172,1
"401","6660",0.00615681143401335,3,0.2860245,3,0.221608349782486,3
"402","6700",-0.0181446857784335,2,-0.8604742,2,-0.000617741304310676,2
"403","6710",-0.043631313274733,1,-1.902113,1,-0.293614290406431,1
"404","6720",-0.0140402824631301,2,-0.6887439,2,0.0611337918706613,2
"405","6730",-0.0278186009326705,1,-1.27909,1,-0.0970191464229277,1
"406","6740",-0.0302283921306637,1,-1.39906,1,-0.114133301867748,1
"407","6750",-0.0255170261336486,2,-1.210591,1,-0.10027875907516,1
"408","6765",-0.0379884277013107,1,-0.92778715,2,-0.0501145802946475,2
"409","6800",-0.0659602284679689,1,-1.0535502,1,-0.0309301946265681,2
"410","6821",-0.0262780135942093,2,-1.144356,1,-0.0737694034000262,1
"411","6825",-0.0154826793638996,2,-0.7018391,2,0.0187077005637453,2
"412","6835",-0.0309158440052648,1,-0.73743305,2,0.0398997951762632,2
"413","6850",-0.144979129954902,1,-1.3198242,1,-0.109431681332449,1
"414","6920",-0.033798934221121,1,-1.518977,1,-0.189019820856429,1
"415","6950",-0.382129343628596,1,-1.19376385333333,1,-0.0766157960009905,1
"416","7000",-0.000438653862315819,3,-0.0205169,3,0.222099923197719,3
"417","7010",-0.0073934934722284,3,-0.3458247,3,0.0902769831461804,3
"418","7020",-0.0303322952232828,1,-0.7432931,2,-0.000503276727278228,2
"419","7030",-0.00387279134395932,3,-0.1728535,3,0.147115493198213,3
"420","7040",-0.0171710243606535,2,-0.8106341,2,0.00490789011134119,2
"421","7050",-0.0186990092015124,2,-0.8303875,2,-0.0353988805544256,2
"422","7100",-0.10231057728429,1,-0.610608875,2,0.0447759217703979,2
"423","7110",-0.0172381815247196,2,-0.7915968,2,0.0303391380427263,2
"424","7120",-0.0122401084857461,2,-0.571284,2,0.0440155463123697,2
"425","7130",-0.0144611716548999,2,-0.6926484,2,0.0137190711544011,2
"426","7140",-0.013933483582922,2,-0.6551197,2,0.0680154130211581,2
"427","7150",-0.0248010553959704,2,-1.180589,1,-0.121768018084363,1
"428","7160",-0.0266973198503292,1,-1.202285,1,-0.153508281103034,1
"429","7200",-0.0203782442197559,2,-0.9547055,2,-0.00509422942719153,2
"430","7210",-0.0219380849996298,2,-1.010472,1,-0.0461752379227288,2
"431","7220",-0.0804943199171449,1,-1.27498233333333,1,-0.0875481949047213,1
"432","7240",-0.05534729364678,1,-0.848074,2,-0.014925320252322,2
"433","7260",-0.071384953069423,1,-1.13257866666667,1,-0.0864932809453293,1
"434","7300",-0.0442517839281494,1,-1.07192165,1,-0.0668110850863425,1
"435","7315",-0.0173069685091024,2,-0.8491117,2,-0.00275904921585763,2
"436","7320",-0.0207498033939087,2,-0.9703799,2,-0.0320004342923155,2
"437","7330",-0.0970868478092771,1,-1.15256855,1,-0.0781111570676991,1
"438","7340",-0.0216272125794247,2,-1.014408,1,-0.073844149348078,1
"439","7350",-0.0206935500827182,2,-0.9735492,1,-0.0579664172665465,2
"440","7360",-0.0264180626644765,2,-1.266085,1,-0.0621164913386962,2
"441","7410",-0.0226321802521271,2,-1.081398,1,-0.0174318955818785,2
"442","7420",-0.022199461502348,2,-1.083883,1,-0.0841230640975053,1
"443","7430",-0.0231638266117191,2,-0.241317075,3,0.146597769329211,3
"444","7440",-0.0200373645471851,2,-0.9709935,2,-0.0137602954062536,2
"445","7510",-0.015742631769496,2,-0.7233995,2,-0.0449742480945246,2
"446","7520",-0.0224647011533361,2,-1.102728,1,-0.0369239517789436,2
"447","7540",-0.018675038338121,2,-0.8657498,2,-0.0169166629326561,2
"448","7550",-0.0290695925535476,1,-1.414062,1,-0.106122042711312,1
"449","7560",-0.0262383637526874,2,-1.221519,1,-0.0949630698420066,1
"450","7610",-0.0293880054576584,1,-1.346555,1,-0.175645382345629,1
"451","7640",-0.196594703094088,1,-1.05501693333333,1,-0.0531469620772501,2
"452","7700",-0.0017991418543383,3,-0.0845282,3,0.178123162936819,3
"453","7710",-0.0181218025751334,2,-0.8684706,2,-0.0493934669096773,2
"454","7720",-0.0458506765322878,1,-0.650526833333333,2,-0.00304000862179135,2
"455","7730",-0.0212994910505346,2,-0.9561453,2,-0.0782445012280699,1
"456","7740",-0.0243307095931302,2,-1.076307,1,-0.131104094047947,1
"457","7750",-0.155609420535203,1,-0.794982511111111,2,-0.0359469809211316,2
"458","7800",-0.00908528923516306,3,-0.3852989,2,0.0256144480306779,2
"459","7810",-0.0900918659250323,1,-1.30376346666667,1,-0.173612954131869,1
"460","7830",-0.017245460605869,2,-0.758859,2,-0.0202230632153719,2
"461","7840",-0.00880256048541033,3,-0.3791114,2,0.0814525423083412,2
"462","7850",-0.011998157845408,2,-0.5559894,2,0.00718159530490433,2
"463","7905",-0.0685501443454195,1,-0.8199637,2,0.112651758991009,3
"464","7925",-0.0664373548518987,1,-1.04274323333333,1,-0.0678713023492176,1
"465","7950",-0.0226447888330707,2,-1.036569,1,-0.0812886738496745,1
"466","8000",-0.0227683187393855,2,-0.9901662,1,-0.0584109980612638,2
"467","8025",-0.102664084326987,1,-0.94484206,2,-0.0628938474982451,1
"468","8030",-0.0183399315253953,2,-0.8675535,2,-0.0367803383972755,2
"469","8040",-0.0468709477001651,1,-1.0883025,1,-0.0800267706639962,1
"470","8060",-0.0291422334062238,1,-0.6776654,2,0.00016325316053645,2
"471","8100",-0.0656915894019584,1,-1.443244,1,-0.160433783299894,1
"472","8130",-0.0113736746602645,2,-0.5317897,2,0.0342075971143971,2
"473","8140",-0.0483216818241261,1,-1.1000035,1,-0.1212810971392,1
"474","8225",-0.474952356860004,1,-0.9655829,2,-0.0611019130395571,2
"475","8250",0.0117615010407458,3,0.4107973,3,0.332096863834586,4
"476","8255",-0.0162781334081017,2,-0.7093881,2,-0.00265903607303126,2
"477","8256",-0.0187558647346721,2,-0.9062089,2,-0.0540406136004539,2
"478","8300",-0.0260830505135538,2,-1.054399,1,-0.156963854400786,1
"479","8310",-0.0602591196629213,1,-1.950063,1,-0.474073768059514,1
"480","8320",-0.0254409557446876,2,-0.9639661,2,-0.0743168673348828,1
"481","8335",-0.0504935832119467,1,-1.0103835,1,-0.136561932994489,1
"482","8350",-0.0290676193916591,1,-0.5146243,2,0.0498465452321117,2
"483","8365",-0.105562037044121,1,-1.1296178,1,-0.107039288447336,1
"484","8450",-0.0288080058754359,1,-1.313735,1,-0.116894798317331,1
"485","8465",-0.0477786375863185,1,-0.752179033333333,2,0.00553781032340174,2
"486","8500",-0.0286484830710532,1,-1.327489,1,-0.12370007540596,1
"487","8510",-0.0274254628600992,1,-1.197727,1,-0.118905077065021,1
"488","8530",-0.0270073888355244,1,-1.165031,1,-0.138782049470456,1
"489","8540",-0.025199394436454,2,-1.130357,1,-0.117494321637362,1
"490","8555",-0.143407397303855,1,-1.10106465,1,-0.0866948104737713,1
"491","8600",0.020860162795108,4,0.307824566666667,3,0.182788400491243,3
"492","8610",-0.0107263219337134,2,-0.5032496,2,0.0611043179875443,2
"493","8620",-0.00921308926324034,3,-0.44501,2,0.0806669678567971,2
"494","8630",-0.0354492420316886,1,-0.430402775,2,0.0873539645840817,3
"495","8640",-0.0299748614518219,1,-0.72471755,2,0.00985316512882712,2
"496","8650",-0.0642818855865707,1,-1.00322133333333,1,-0.0641499061682263,1
"497","8710",-0.0451607845473292,1,-1.01363295,1,-0.0950452053218253,1
"498","8720",-0.023070984836818,2,-1.042151,1,-0.0780556119595874,1
"499","8730",-0.0211476822338106,2,-0.9582346,2,-0.0674210025928843,1
"500","8740",-0.000630891593924758,3,-0.0293395,3,0.05676694600492,2
"501","8750",-0.00447458529618285,3,-0.1560197,3,0.226522445378636,3
"502","8760",-0.0265737898690241,2,-0.363436366666667,2,0.120179594119344,3
"503","8800",-0.0209658669659521,2,-0.978608,1,-0.0596044536269351,2
"504","8810",-0.0805143820381768,1,-1.17981423333333,1,-0.108561836256047,1
"505","8830",-0.00843022894610034,3,-0.3615806,3,0.0978575990451044,3
"506","8850",-0.0282036044823322,1,-1.311418,1,-0.126617085873611,1
"507","8865",-0.225797074581611,1,-1.15821736666667,1,-0.107151128956142,1
"508","8910",-0.0146019799136869,2,-0.6395226,2,0.0166267017683399,2
"509","8920",-0.026036536460533,2,-1.183408,1,-0.107504505524895,1
"510","8930",-0.0190894395610663,2,-0.8740445,2,-0.0475109276759631,2
"511","8940",-0.0380575843804908,1,-1.610915,1,-0.227408431561323,1
"512","8950",-0.0312582578553162,1,-1.411304,1,-0.171172659993586,1
"513","8990",-0.412480117302264,1,-1.0116144,1,-0.0594412505892631,2
"514","9005",0.00665808220169657,3,0.0461706666666667,3,0.161793137416661,3
"515","9030",-0.00839583736541999,3,-0.1943979,3,0.182253632730161,3
"516","9040",0.041331226286409,4,0.8186859,4,0.437677915301884,4
"517","9050",-0.0185392416162895,2,-0.7621183,2,0.0213768102193919,2
"518","9110",-0.0173517289137253,2,-0.8298703,2,0.00817130632444285,2
"519","9121",NA,NA,-0.2977046,3,NA,NA
"520","9122",-0.0138292605224626,2,-0.605453,2,0.0378890795747417,2
"521","9130",-0.0633660037095399,1,-0.999622233333333,1,-0.0746622116601726,1
"522","9141",NA,NA,-0.46498245,2,NA,NA
"523","9142",NA,NA,-0.6322603,2,NA,NA
"524","9210",-0.0282641378330713,1,-0.6649155,2,0.0645490900446865,2
"525","9240",-0.00968379106154068,3,-0.4662731,2,0.0952570589451023,3
"526","9265",-0.0926493191443553,1,-0.733394166666667,2,0.0538077147571429,2
"527","9300",-0.0244057498794196,2,-1.150001,1,-0.0513447173569199,2
"528","9310",-0.0279003575822177,1,-0.6576527,2,0.067364221503623,2
"529","9330",-0.0108803201125265,2,-0.5264951,2,0.0703704094739628,2
"530","9350",-0.0177224139127511,2,-0.8353891,2,-0.0560654392116433,2
"531","9365",-0.026002901088962,2,-1.221489,1,-0.0923136389500864,1
"532","9410",-0.00387821605129105,3,-0.18376,3,0.144200184609223,3
"533","9415",-0.00817889320694161,3,-0.3752249,2,0.0608389848220154,2
"534","9430",-0.0574017406507124,1,-0.474748616666667,2,0.0774848042928235,2
"535","9510",-0.0229222001756947,2,-1.030619,1,-0.0328992291824041,2
"536","9570",-0.33401624009044,1,-1.12620497142857,1,-0.0953658012405432,1
"537","9600",-0.0320012750587531,1,-1.39869,1,-0.171887255028439,1
"538","9610",-0.0423310555218528,1,-1.629897,1,-0.321348552715728,1
"539","9620",-0.0371487865488219,1,-1.709183,1,-0.174533114853396,1
"540","9630",-0.0240663512532614,2,-1.037413,1,-0.118003455383754,1
"541","9640",-0.0348560846117542,1,-1.51362,1,-0.258896342663269,1
"542","9645",-0.0176014026282375,2,-0.7892948,2,-0.101803868362446,1
"543","9650",-0.054345446891444,1,-0.874829633333333,2,-0.0232228173038654,2
"544","9720",-0.0280500558786952,1,-1.283373,1,-0.13576091710072,1
"545","9760",-0.054108859556908,1,-1.266058,1,-0.104925301999096,1
"546",NA,NA,NA,0.752081,4,NA,NA
"547","3245",NA,NA,NA,NA,0.303177968254765,4
