"","census_2018","estz_total_sim","estz_core_sim","estz_supplemental_sim","estz_total_quint_sim","estz_core_quint_sim","estz_supplemental_quint_sim","estz_total_admin","estz_core_admin","estz_supplemental_admin","estz_total_quint_admin","estz_core_quint_admin","estz_supplemental_quint_admin"
"1","0010",0.0169508023188782,0.0149547262766814,0.056451611,4,5,4,0.47939068,0.42293906,0.056451611,5,5,4
"2","0020",0.00723153219515953,0.00289261277971498,0.17647059,3,3,5,0.29411766,0.11764706,0.17647059,4,3,5
"3","0030",NA,NA,NA,NA,NA,NA,0.21666667,0.21666667,0,3,4,1
"4","0040",0.0128886297121342,0.0105452427473884,0.06666667,4,4,4,0.36666667,0.30000001,0.06666667,4,4,4
"5","0051",0.0157006801552227,0.0104671206849885,0.15000001,4,4,5,0.44999999,0.30000001,0.15000001,5,4,5
"6","0052",0.00954534515626241,0.00763627586537655,0.05882353,4,4,4,0.29411766,0.23529412,0.05882353,4,4,4
"7","0060",0.0280556429309257,0.0280556429309257,0,5,5,1,0.38316247,0.38316247,0,4,5,1
"8","0101",0.0105072332539966,0.0105072332539966,0,4,4,1,0.42058489,0.42058489,0,4,5,1
"9","0102",0.0105072332539966,0.0105072332539966,0,4,4,1,0.42058489,0.42058489,0,4,5,1
"10","0110",0.0169342683202809,0.0160429917898773,0.029411765,4,5,3,0.55882353,0.52941179,0.029411765,5,5,3
"11","0120",0.0161739267098688,0.00853493689515581,0.20577201,4,4,5,0.43567821,0.2299062,0.20577201,4,4,5
"12","0135",0.0152803302515746,0.00993221506692419,0.14583333,4,4,5,0.41666666,0.27083334,0.14583333,4,4,5
"13","0136",0.0132322581825971,0.0132322581825971,0,4,4,1,0.38461539,0.38461539,0,4,5,1
"14","0137",0.0174438543673009,0.0145365450734993,0.083333336,5,4,4,0.5,0.41666666,0.083333336,5,5,4
"15","0140",0.00529174552301828,0.00455744835660268,0.031466193,3,3,3,0.22676244,0.19529626,0.031466193,3,3,4
"16","0150",0.0154951447552773,0.0154951447552773,0,4,5,1,0.41666666,0.41666666,0,4,5,1
"17","0160",0.0114856972572454,0.0105848575572021,0.033333335,4,4,3,0.42500001,0.39166665,0.033333335,4,5,4
"18","0205",0.00175836987483822,0.00175836987483822,0,2,2,1,0.083333336,0.083333336,0,2,2,1
"19","0220",0.0050070514885432,0.00389437316362398,0.039999999,3,3,3,0.18000001,0.14,0.039999999,3,3,4
"20","0230",NA,NA,NA,NA,NA,NA,NA,NA,NA,NA,NA,NA
"21","0300",0.0143200895145966,0.0097103169884603,0.16478696,4,4,5,0.51190478,0.34711778,0.16478696,5,4,5
"22","0310",0.00464056017662022,0.00337495304901655,0.053571429,3,3,4,0.19642857,0.14285715,0.053571429,3,3,4
"23","0325",0.00625486426276586,0.00573362542130536,0.022727273,3,3,3,0.27272728,0.25,0.022727273,4,4,3
"24","0335",0.014472978267552,0.0138229087957941,0.023382263,4,4,3,0.26315845,0.25146731,0.0116911315,3,4,3
"25","0340",0.00526129499032476,0.00478299529965101,0.020833334,3,3,3,0.22916667,0.20833333,0.020833334,3,4,3
"26","0350",0.0103641515856551,0.00942195657283359,0.027777778,4,4,3,0.30555555,0.27777779,0.027777778,4,4,3
"27","0360",0.0150619313324422,0.0140779853490747,0.02813853,4,4,3,0.43073595,0.4025974,0.02813853,4,5,3
"28","0400",0.0116720143817171,0.00636655317371659,0.1923077,4,3,5,0.42307693,0.23076923,0.1923077,4,4,5
"29","0410",0.0124729388459651,0.00722117502806033,0.14814815,4,4,5,0.35185185,0.2037037,0.14814815,4,3,5
"30","0420",0.011815659368591,0.00787710624572735,0.125,4,4,4,0.375,0.25,0.125,4,4,5
"31","0425",0.0133751615382511,0.0133751615382511,0,4,4,1,0.52173913,0.52173913,0,5,5,1
"32","0426",0.0117060518624989,0.011055982390741,0.023382263,4,4,3,0.42105374,0.39767146,0.023382263,4,5,3
"33","0440",0.0117060518624989,0.011055982390741,0.023382263,4,4,3,0.42105374,0.39767146,0.023382263,4,5,3
"34","0500",0.0202533837455842,0.0162027075257558,0.10714286,5,5,4,0.53571427,0.42857143,0.10714286,5,5,5
"35","0510",0.00824629789567297,0.00589021282301358,0.083333336,3,3,4,0.29166666,0.20833333,0.083333336,4,4,4
"36","0520",0.0114788613271153,0.00789171725207037,0.125,4,4,4,0.40000001,0.27500001,0.125,4,4,5
"37","0530",0.016591440985262,0.016591440985262,0,4,5,1,0.44736841,0.44736841,0,5,5,1
"38","0540",0.0229031495127656,0.0195542786553016,0.10344828,5,5,4,0.39285715,0.341133015,0.05172414,4,4,4
"39","0565",0.00941388843015173,0.00626249956822912,0.13107263,4,3,5,0.39154267,0.26047003,0.13107263,4,4,5
"40","0600",0.0151515958717692,0.0138889623816107,0.035714287,4,4,3,0.42857143,0.39285713,0.035714287,4,5,4
"41","0630",0.0376195665057852,0.0308544171550842,0.185439564,5,5,5,0.34386447,0.282051286666667,0.061813188,4,4,4
"42","0640",0.0209048391214031,0.012975416884579,0.22916667,5,4,5,0.60416669,0.375,0.22916667,5,5,5
"43","0650",0.0169665003162603,0.0160735265966051,0.025,4,5,3,0.47499999,0.44999999,0.025,5,5,3
"44","0700",0.0160928393694339,0.0142221791729024,0.054301076,4,4,4,0.46713912,0.41283804,0.054301076,5,5,4
"45","0705",0.0463165250609995,0.0448570402669537,0.0506081017,5,5,4,0.512922416666667,0.49605304,0.0168693672333333,5,5,3
"46","0710",0.0172419294329841,0.0172419294329841,0,4,5,1,0.45454547,0.45454547,0,5,5,1
"47","0725",0.0113216796009081,0.0095340460455723,0.071428575,4,4,4,0.45238096,0.38095239,0.071428575,5,5,4
"48","0726",0.0133301927284264,0.0120606500559975,0.035714287,4,4,3,0.375,0.3392857,0.035714287,4,4,4
"49","0735",0.0182882002285953,0.015197236527573,0.083333336,5,5,4,0.49305555,0.40972221,0.083333336,5,5,4
"50","0750",0.0158229611281653,0.0151160374352351,0.024067078,4,5,3,0.53869009,0.51462299,0.024067078,5,5,3
"51","0800",0.0177839062376568,0.0154127189764213,0.06666667,5,5,4,0.5,0.43333334,0.06666667,5,5,4
"52","0810",0.0183744540786222,0.0167514726850289,0.06666667,5,5,4,0.37738097,0.34404761,0.033333335,4,4,4
"53","0820",0.0156914936486738,0.0156914936486738,0,4,5,1,0.42307693,0.42307693,0,4,5,1
"54","0830",0.0229057239329453,0.0147251084225812,0.22727273,5,5,5,0.63636363,0.40909091,0.22727273,5,5,5
"55","0845",0.0160013301102453,0.0160013301102453,0,4,5,1,0.4361777,0.4361777,0,4,5,1
"56","0850",0.0178493860924662,0.0133870399441867,0.11904762,5,4,4,0.47619048,0.35714287,0.11904762,5,4,5
"57","0860",0.0167480523105994,0.0167480523105994,0,4,5,1,0.5,0.5,0,5,5,1
"58","0900",0.0175822076844701,0.0153844317239114,0.05882353,5,5,4,0.47058824,0.41176471,0.05882353,5,5,4
"59","0910",0.029040084499951,0.027293363594515,0.050000001,5,5,4,0.423188405,0.3981884,0.0250000005,4,5,3
"60","0930",0.0151715590787927,0.0062065472406779,0.25999999,4,3,5,0.44,0.18000001,0.25999999,5,3,5
"61","0940",0.0203548958664805,0.0203548958664805,0,5,5,1,0.58333331,0.58333331,0,5,5,1
"62","0960",0.25841603745313,0.225441726930053,0.947431925,5,5,5,0.46943266625,0.41021817125,0.0592144953125,5,5,4
"63","1005",0.019620935400515,0.019620935400515,0,5,5,1,0.60000002,0.60000002,0,5,5,1
"64","1006",0.0213411997864547,0.0164988954559532,0.14772727,5,5,5,0.65106952,0.50334227,0.14772727,5,5,5
"65","1007",0.0242872321152023,0.0242872321152023,0,5,5,1,0.75,0.75,0,5,5,1
"66","1010",0.0281880675775588,0.021384052222989,0.20588236,5,5,5,0.85294116,0.64705884,0.20588236,5,5,5
"67","1021",0.0398985884346791,0.0398985884346791,0,5,5,1,0.59291565,0.59291565,0,5,5,1
"68","1022",0.0586861005050145,0.0585836088756566,0.0031587607,5,5,3,0.588284906666667,0.58723199,0.00105292023333333,5,5,3
"69","1031",0.0213886808609261,0.0204695701513528,0.028950112,5,5,3,0.67370069,0.64475054,0.028950112,5,5,3
"70","1032",0.0401761929312615,0.0391545905923303,0.0321088727,5,5,3,0.626362055,0.610307605,0.01605443635,5,5,3
"71","1050",0.0354861465586902,0.0323377999733056,0.125,5,5,4,0.649038465,0.586538465,0.0625,5,5,4
"72","1065",0.0866075121440243,0.0810549212589947,0.1872655767,5,5,5,0.566824914,0.529371778,0.03745311534,5,5,4
"73","1105",0.0144788034996908,0.0130998700563095,0.050000001,4,4,4,0.52499998,0.47499999,0.050000001,5,5,4
"74","1106",0.0164306200587957,0.014795611828167,0.059149183,4,5,4,0.59440559,0.53525639,0.059149183,5,5,4
"75","1108",0.0342499124670985,0.0339892536825422,0.00907723,5,5,3,0.57880467,0.574266075,0.004538615,5,5,3
"76","1200",0.0161415133044775,0.0111748940267518,0.13333334,4,4,5,0.43333334,0.30000001,0.13333334,4,4,5
"77","1210",0.0341903857946053,0.0323908912428369,0.045454547,5,5,4,0.86363637,0.81818181,0.045454547,5,5,4
"78","1220",0.0270226370652032,0.0257943353804213,0.03125,5,5,3,0.6875,0.65625,0.03125,5,5,3
"79","1230",0.0223838922754825,0.0223838922754825,0,5,5,1,0.64210528,0.64210528,0,5,5,1
"80","1240",NA,NA,NA,NA,NA,NA,0.625843721428571,0.561445681428571,0.064398031,5,5,4
"81","1305",0.0120065175000817,0.00867137396350823,0.10416666,4,4,4,0.375,0.27083334,0.10416666,4,4,5
"82","1306",0.00698757899348891,0.00698757899348891,0,3,4,1,0.21052632,0.21052632,0,3,4,1
"83","1310",0.0160508502830052,0.0124308343734642,0.127976194,4,4,5,0.30617559,0.2421875,0.063988097,4,4,4
"84","1320",0.0126345568363773,0.00971889060081034,0.083333336,4,4,4,0.3611111,0.27777779,0.083333336,4,4,4
"85","1330",0.00924597007548725,0.00924597007548725,0,3,4,1,0.35714287,0.35714287,0,4,4,1
"86","1340",0.0173909467105363,0.0173909467105363,0,5,5,1,0.58333331,0.58333331,0,5,5,1
"87","1350",0.0112758108498852,0.0112758108498852,0,4,4,1,0.34615386,0.34615386,0,4,4,1
"88","1360",0.0108200504202311,0.00853890239562333,0.070809096,4,4,4,0.33586511,0.26505601,0.070809096,4,4,4
"89","1400",0.0120849160078274,0.0111553076504947,0.027777778,4,4,3,0.3611111,0.33333334,0.027777778,4,4,3
"90","1410",0.0282501423236704,0.0173750430760798,0.35714286,5,5,5,0.483225125,0.30465368,0.17857143,5,4,5
"91","1420",0.0182020699618042,0.0169467556646851,0.035714287,5,5,3,0.51785713,0.48214287,0.035714287,5,5,4
"92","1430",0.0240572433110612,0.0230739325485907,0.032437354,5,5,3,0.418714375,0.402495715,0.016218677,4,5,3
"93","1440",0.00521235818126789,0.00521235818126789,0,3,3,1,0.21666667,0.21666667,0,3,4,1
"94","1450",0.0125947268857427,0.0125947268857427,0,4,4,1,0.42857143,0.42857143,0,4,5,1
"95","1460",0.0103866880520775,0.00871938092686988,0.059981685,4,4,4,0.37366301,0.31368133,0.059981685,4,4,4
"96","1500",0.00706117163076664,0.00353058581538332,0.11111111,3,3,4,0.22222222,0.11111111,0.11111111,3,3,5
"97","1510",0.0138159426536574,0.0138159426536574,0,4,4,1,0.42500001,0.42500001,0,4,5,1
"98","1520",0.00749119139897248,0.00674207225907523,0.021739131,3,3,3,0.2173913,0.19565217,0.021739131,3,3,3
"99","1530",0.011251723665283,0.00849267588067393,0.10378572,4,4,4,0.4232505,0.31946477,0.10378572,4,4,5
"100","1541",0.00977644907433473,0.0092333130991373,0.017857144,4,4,3,0.32142857,0.30357143,0.017857144,4,4,3
"101","1545",NA,NA,NA,NA,NA,NA,NA,NA,NA,NA,NA,NA
"102","1551",0.0114759302623826,0.0106258614201745,0.033333335,4,4,3,0.44999999,0.41666666,0.033333335,5,5,4
"103","1555",NA,NA,NA,NA,NA,NA,0.310220016,0.218155919,0.09206410648,4,4,5
"104","1560",0.00568024718425472,0.00492288096875738,0.033333335,3,3,3,0.25,0.21666667,0.033333335,3,4,4
"105","1600",0.0321163623838006,0.0279658296115724,0.166666666,5,5,5,0.41310542,0.357549863333333,0.0555555553333333,4,4,4
"106","1610",0.0421258324812151,0.0340828610211338,0.284320892,5,5,5,0.3778240025,0.3067437775,0.071080223,4,4,4
"107","1640",0.00763433181152931,0.00499916587783107,0.124618737,3,3,4,0.17915033,0.1168409645,0.0623093685,3,3,4
"108","1650",0.0325108972653314,0.0228521297439375,0.27857143,5,5,5,0.465476185,0.326190485,0.139285715,5,4,5
"109","1660",NA,NA,NA,NA,NA,NA,NA,NA,NA,NA,NA,NA
"110","1700",0.0373710902088247,0.0270593804775071,0.29215686,5,5,5,0.5372549,0.39117648,0.14607843,5,5,5
"111","1710",0.0154913692223111,0.012393095110158,0.09259259,4,4,4,0.46296296,0.37037036,0.09259259,5,5,5
"112","1720",0.020273922063681,0.0183404494602138,0.06971154,5,5,4,0.36057693,0.32572116,0.03485577,4,4,4
"113","1745",0.0144156441446106,0.0119421637890784,0.090311006,4,4,4,0.52633995,0.43602893,0.090311006,5,5,5
"114","1750",0.0335962079058525,0.0245434163716577,0.360311006,5,5,5,0.436071653333333,0.315967976666667,0.120103668666667,4,4,5
"115","1760",0.0122852356011184,0.0109202096416205,0.041666668,4,4,3,0.375,0.33333334,0.041666668,4,4,4
"116","1800",0.0217986886861488,0.0201048701604043,0.04423077,5,5,3,0.56923079,0.52499998,0.04423077,5,5,4
"117","1815",0.0204106184496426,0.0204106184496426,0,5,5,1,0.5625,0.5625,0,5,5,1
"118","1821",0.0138331991520171,0.0116789233969077,0.05506954,4,4,4,0.35361665,0.29854712,0.05506954,4,4,4
"119","1822",0.0138331991520171,0.0116789233969077,0.05506954,4,4,4,0.35361665,0.29854712,0.05506954,4,4,4
"120","1825",0.0558527046190631,0.0476535155367161,0.21013908,5,5,5,0.36488373,0.31234896,0.05253477,4,4,4
"121","1830",0.016987582575428,0.016987582575428,0,4,5,1,0.42307693,0.42307693,0,4,5,1
"122","1840",0.0182798245528669,0.0182798245528669,0,5,5,1,0.54000002,0.54000002,0,5,5,1
"123","1860",0.0743592254811077,0.0632717396329065,0.2965368,5,5,5,0.428701296,0.369393946,0.05930736,4,4,4
"124","1900",0.014109815930819,0.0125817625486736,0.070295014,4,4,4,0.32454684,0.28939933,0.035147507,4,4,4
"125","1910",0.00864755305972691,0.00665196438945986,0.083333336,3,3,4,0.3611111,0.27777779,0.083333336,4,4,5
"126","1920",0.00598396020377153,0.00523596517830009,0.03125,3,3,3,0.25,0.21875,0.03125,3,4,3
"127","1935",0.0320597662316008,0.0251880494410729,0.309242126,5,5,5,0.36389434,0.286583805,0.0773105315,4,4,4
"128","1940",0.00249903607448413,0.000842216578927759,0.075187966,2,2,4,0.11340852,0.038220551,0.075187966,2,2,4
"129","1950",0.0178328377266467,0.0111455240491238,0.19565217,5,4,5,0.52173913,0.32608697,0.19565217,5,4,5
"130","1970",0.0978952297727247,0.0717864509087627,1.068671007,5,5,5,0.3152584,0.233052938846154,0.0822054620769231,4,4,4
"131","1980",0.0125203154406127,0.0112189398092069,0.057692308,4,4,4,0.26556778,0.23672162,0.028846154,3,4,3
"132","2001",0.00616542242184159,0.00616542242184159,0,3,3,1,0.19565217,0.19565217,0,3,3,1
"133","2002",0.0122684748723848,0.00832503629708529,0.13235295,4,4,5,0.41176471,0.27941176,0.13235295,4,4,5
"134","2003",0.00675130424432427,0.00562608687027022,0.03125,3,3,3,0.1875,0.15625,0.03125,3,3,3
"135","2004",0.0045030596611599,0.00385976537422579,0.018518519,3,3,3,0.12962963,0.11111111,0.018518519,3,3,3
"136","2005",0.0067665439772159,0.0067665439772159,0,3,3,1,0.20588236,0.20588236,0,3,3,1
"137","2006",NA,NA,NA,NA,NA,NA,NA,NA,NA,NA,NA,NA
"138","2011",0.0077178056469713,0.00441017505390298,0.13043478,3,3,5,0.30434781,0.17391305,0.13043478,4,3,5
"139","2012",0.00623930229853643,0.00534797326886616,0.029411765,3,3,3,0.20588236,0.17647059,0.029411765,3,3,3
"140","2013",0.00243127733971718,0.00243127733971718,0,2,2,1,0.07692308,0.07692308,0,2,2,1
"141","2014",NA,NA,NA,NA,NA,NA,NA,NA,NA,NA,NA,NA
"142","2015",0.00390465053003015,0.00390465053003015,0,3,3,1,0.16666667,0.16666667,0,3,3,1
"143","2016",0.006467047480393,0.0038802287469177,0.1,3,3,4,0.25,0.15000001,0.1,3,3,5
"144","2025",NA,NA,NA,NA,NA,NA,NA,NA,NA,NA,NA,NA
"145","2040",0.00235209753348468,0.00235209753348468,0,2,2,1,0.071428575,0.071428575,0,2,2,1
"146","2050",0.0107454437869387,0.00895453705623627,0.052631579,4,4,4,0.31578946,0.2631579,0.052631579,4,4,4
"147","2060",NA,NA,NA,NA,NA,NA,NA,NA,NA,NA,NA,NA
"148","2100",0.0136631894296104,0.0112520382497864,0.06818182,4,4,4,0.38636363,0.31818181,0.06818182,4,4,4
"149","2105",0.0201431557462565,0.0120858924526821,0.21052632,5,4,5,0.52631581,0.31578946,0.21052632,5,4,5
"150","2110",0.0444245320045366,0.0273948657488665,0.429761919,5,5,5,0.3813492,0.238095235,0.143253973,4,4,5
"151","2145",0.0178534565124999,0.0148778801890372,0.083333336,5,5,4,0.5,0.41666666,0.083333336,5,5,5
"152","2170",0.0162566106474163,0.0111764199928252,0.14705883,4,4,5,0.47058824,0.32352942,0.14705883,5,4,5
"153","2180",NA,NA,NA,NA,NA,NA,NA,NA,NA,NA,NA,NA
"154","2205",NA,NA,NA,NA,NA,NA,NA,NA,NA,NA,NA,NA
"155","2300",0.00476397488007799,0.00476397488007799,0,3,3,1,0.090222575,0.090222575,0,2,2,1
"156","2310",0.0147022646613403,0.0147022646613403,0,4,4,1,0.17311424,0.17311424,0,3,3,1
"157","2320",0.0124041941273692,0.0118760369799162,0.015625,4,4,3,0.208096595,0.200284095,0.0078125,3,3,3
"158","2330",0.0325905123053537,0.0322274347182916,0.0125,5,5,3,0.194212968333333,0.192129633333333,0.00208333333333333,3,3,3
"159","2350",0.0078796002048474,0.00760849373098659,0.0074197897,3,4,3,0.21565291,0.20823313,0.0074197897,3,4,3
"160","2360",0.0448730603476864,0.0370374005298302,0.2337978451,5,5,5,0.253237902,0.206478342,0.04675956902,3,3,4
"161","2400",0.0258469616369881,0.0239553416053438,0.07692308,5,5,4,0.30512821,0.279487183333333,0.0256410266666667,4,4,3
"162","2435",0.0168585978472291,0.0168585978472291,0,4,5,1,0.30000001,0.30000001,0,4,4,1
"163","2440",0.00898177128440632,0.00431125027687254,0.18571429,3,3,5,0.35714287,0.17142858,0.18571429,4,3,5
"164","2545",0.0326491116163698,0.0301339161516232,0.075000003,5,5,4,0.287499985,0.26874999,0.01875000075,4,4,3
"165","2555",NA,NA,NA,NA,NA,NA,NA,NA,NA,NA,NA,NA
"166","2600",NA,NA,NA,NA,NA,NA,NA,NA,NA,NA,NA,NA
"167","2631",0.0106850991421428,0.00801382458366545,0.088235296,4,4,4,0.35294119,0.2647059,0.088235296,4,4,5
"168","2632",0.00369569536934111,0.00295655629547289,0.025,3,3,3,0.125,0.1,0.025,2,3,3
"169","2633",0.00160762851722472,0.00160762851722472,0,2,2,1,0.0625,0.0625,0,2,2,1
"170","2634",0.00536319735542703,0.00536319735542703,0,3,3,1,0.15625,0.15625,0,3,3,1
"171","2635",0.0116086590149743,0.0104477932527808,0.033333335,4,4,3,0.33333334,0.30000001,0.033333335,4,4,4
"172","2636",0.00197275544086409,0.000986377720432043,0.039999999,2,2,3,0.079999998,0.039999999,0.039999999,2,2,4
"173","2640",NA,NA,NA,NA,NA,NA,NA,NA,NA,NA,NA,NA
"174","2700",0.00161668285723604,0,0.052631579,2,1,4,0.052631579,0,0.052631579,2,1,4
"175","2710",0.0069048874018025,0.00478189217589499,0.074637681,3,3,4,0.24275362,0.16811594,0.074637681,3,3,4
"176","2721",0,0,0,1,1,1,0,0,0,1,1,1
"177","2722",0.00493379338674857,0.00269116012047193,0.089285716,3,2,4,0.19642857,0.10714286,0.089285716,3,3,5
"178","2723",0.000713565162375569,0,0.03125,1,1,3,0.03125,0,0.03125,1,1,3
"179","2740",0.000965569225411914,0.000965569225411914,0,1,2,1,0.0178571435,0.0178571435,0,1,1,1
"180","2751",0.00649839802529245,0.00599852116183117,0.016666668,3,3,3,0.21666667,0.2,0.016666668,3,3,3
"181","2752",0.00298308297551253,0.000426154732704031,0.1,2,1,4,0.11666667,0.016666668,0.1,2,1,5
"182","2755",NA,NA,NA,NA,NA,NA,0.2631579,0.2631579,0,3,4,1
"183","2770",NA,NA,NA,NA,NA,NA,0.2631579,0.2631579,0,3,4,1
"184","2805",0.0103517029019248,0.00690113526794989,0.125,4,4,4,0.375,0.25,0.125,4,4,5
"185","2810",0.0400464584320505,0.0400464584320505,0,5,5,1,0.58333331,0.58333331,0,5,5,1
"186","2825",0.0269706003336423,0.0237341286975169,0.083333336,5,5,4,0.69444442,0.6111111,0.083333336,5,5,5
"187","2830",0.0223722223034165,0.0149148152169567,0.21428572,5,5,5,0.64285713,0.42857143,0.21428572,5,5,5
"188","2840",0.0234098261350547,0.0234098261350547,0,5,5,1,0.63333333,0.63333333,0,5,5,1
"189","2850",0.0270585670023983,0.0223035060419184,0.13124999,5,5,5,0.74687499,0.61562502,0.13124999,5,5,5
"190","2861",0.0265366015127386,0.0132683007563693,0.41176471,5,4,5,0.82352942,0.41176471,0.41176471,5,5,5
"191","2862",0.0179693158535743,0.012835226071764,0.14285715,5,4,5,0.5,0.35714287,0.14285715,5,4,5
"192","2865",NA,NA,NA,NA,NA,NA,NA,NA,NA,NA,NA,NA
"193","2905",NA,NA,NA,NA,NA,NA,0.13485222,0.052647785,0.08220443175,3,2,4
"194","2910",0.00118707293873474,0,0.05172414,2,1,4,0.05172414,0,0.05172414,2,1,4
"195","2920",0.0031943348955105,0.00136989150682662,0.064311596,2,2,4,0.0538949285,0.021739131,0.032155798,2,1,4
"196","2970",NA,NA,NA,NA,NA,NA,0,0,0,1,1,1
"197","3000",0.00220498520779438,0.00220498520779438,0,2,2,1,0.090909094,0.090909094,0,2,2,1
"198","3010",NA,NA,NA,NA,NA,NA,NA,NA,NA,NA,NA,NA
"199","3030",0.0102917675358437,0.00643235443974341,0.10714286,4,3,4,0.2857143,0.17857143,0.10714286,4,3,5
"200","3040",0,0,0,1,1,1,0,0,0,1,1,1
"201","3050",0.00596540694715644,0.00463976092796771,0.047619049,3,3,4,0.21428572,0.16666667,0.047619049,3,3,4
"202","3065",0.00552248636979234,0.00515331298047121,0.013962391,3,3,3,0.20886436,0.19490196,0.013962391,3,3,3
"203","3070",0.00552248636979234,0.00515331298047121,0.013962391,3,3,3,0.20886436,0.19490196,0.013962391,3,3,3
"204","3090",0.105755312382282,0.0964905593692381,0.32272689,5,5,5,0.18904684505,0.1729104966,0.0161363445,3,3,3
"205","3100",0.0151183909388624,0.0147492175495412,0.013962391,4,5,3,0.1494155425,0.1459249425,0.00349059775,3,3,3
"206","3110",0.00171230160725589,0.00171230160725589,0,2,2,1,0.072916672,0.072916672,0,2,2,1
"207","3120",0.00252516157332283,0.00252516157332283,0,2,2,1,0.090909094,0.090909094,0,2,2,1
"208","3140",0.00248859877016686,0.00248859877016686,0,2,2,1,0.090909094,0.090909094,0,2,2,1
"209","3150",0.00361199925547153,0.00325919939849035,0.014705882,3,3,3,0.15056023,0.13585435,0.014705882,3,3,3
"210","3160",0.000977615832279855,0.000977615832279855,0,1,2,1,0.041666668,0.041666668,0,1,2,1
"211","3200",0.00192691239193332,0.00192691239193332,0,2,2,1,0.090909094,0.090909094,0,2,2,1
"212","3210",0.00438943916352392,0.00438943916352392,0,3,3,1,0.18181819,0.18181819,0,3,3,1
"213","3220",0.00147134425606118,0.00147134425606118,0,2,2,1,0.06818182,0.06818182,0,2,2,1
"214","3230",0.00902623220487703,0.00773677063816364,0.041666668,3,4,3,0.29166666,0.25,0.041666668,4,4,4
"215","3235",0.00239271006229741,0.00239271006229741,0,2,2,1,0.1,0.1,0,2,3,1
"216","3245",NA,NA,NA,NA,NA,NA,0.19,0.19,0,3,3,1
"217","3250",0.00309568556828274,0.00257973797356895,0.021739131,2,2,3,0.13043478,0.10869565,0.021739131,3,3,3
"218","3255",0.0044211648612628,0.0038848551843117,0.022222223,3,3,3,0.18319285,0.16097063,0.022222223,3,3,3
"219","3256",0.00200867654987315,0.00200867654987315,0,2,2,1,0.083333336,0.083333336,0,2,2,1
"220","3257",0.0073686467460609,0.0073686467460609,0,3,4,1,0.2857143,0.2857143,0,4,4,1
"221","3258",0.0090525573908789,0.0090525573908789,0,3,4,1,0.37037036,0.37037036,0,4,5,1
"222","3261",0.00546681028796428,0.00546681028796428,0,3,3,1,0.19790371,0.19790371,0,3,3,1
"223","3270",0.00546681028796428,0.00546681028796428,0,3,3,1,0.19790371,0.19790371,0,3,3,1
"224","3300",0.00643085040182201,0.00493045751252975,0.061979167,3,3,4,0.129407053,0.0984174725,0.0309895835,3,3,3
"225","3310",0.00137154320394749,0.00137154320394749,0,2,2,1,0.055555556,0.055555556,0,2,2,1
"226","3321",0.00285065217890813,0.000950217369213941,0.079999998,2,2,4,0.12,0.039999999,0.079999998,2,2,4
"227","3322",0.00175920545379262,0.00175920545379262,0,2,2,1,0.075000003,0.075000003,0,2,2,1
"228","3323",0.00463495280904158,0.00463495280904158,0,3,3,1,0.21666667,0.21666667,0,3,4,1
"229","3324",0.00200554935847249,0.00200554935847249,0,2,2,1,0.086956523,0.086956523,0,2,2,1
"230","3330",0.0217862038274683,0.0186043581536295,0.134585723,5,5,5,0.157968342666667,0.1355373925,0.0224309538333333,3,3,3
"231","3401",0.000577421805733815,0.000577421805733815,0,1,1,1,0.02878464,0.02878464,0,1,2,1
"232","3402",0.000577421805733815,0.000577421805733815,0,1,1,1,0.02878464,0.02878464,0,1,2,1
"233","3421",0.00897755857873242,0.00718204696353459,0.071428575,3,4,4,0.35714287,0.2857143,0.071428575,4,4,4
"234","3422",0.0027620796164918,0,0.125,2,1,5,0.125,0,0.125,2,1,5
"235","3423",0.0021722872547988,0.0007240957515996,0.0625,2,1,4,0.09375,0.03125,0.0625,2,2,4
"236","3424",0.00260863420463566,0.00260863420463566,0,2,2,1,0.11290322,0.11290322,0,2,3,1
"237","3430",0.0214090676938467,0.0145141489740761,0.297390115,5,4,5,0.1487737085,0.0992086901666667,0.0495650191666667,3,3,4
"238","3500",0.0029562123782797,0.0029562123782797,0,2,3,1,0.13043478,0.13043478,0,3,3,1
"239","3515",0.0144055006150182,0.0144055006150182,0,4,4,1,0.48774636,0.48774636,0,5,5,1
"240","3520",0.000634870268736963,0.000634870268736963,0,1,1,1,0.023809524,0.023809524,0,1,1,1
"241","3545",0.0170058309626789,0.0158449316652003,0.050814986,4,5,4,0.1745510175,0.161847275,0.0127037465,3,3,3
"242","3550",0.0372758838510682,0.0372758838510682,0,5,5,1,0.197007282833333,0.197007282833333,0,3,3,1
"243","3601",0.00149472016053138,0.00149472016053138,0,2,2,1,0.06666667,0.06666667,0,2,2,1
"244","3602",0.0021939800083331,0,0.090909094,2,1,4,0.090909094,0,0.090909094,2,1,5
"245","3603",0.000710319750721865,0.000710319750721865,0,1,1,1,0.030303031,0.030303031,0,1,2,1
"246","3605",0.00261060349708808,0.00134374765899842,0.05882353,2,2,4,0.0395127756666667,0.019904932,0.0196078433333333,1,1,3
"247","3610",0.0047122252606632,0.0047122252606632,0,3,3,1,0.101515155,0.101515155,0,2,3,1
"248","3620",0.00243643605893498,0.00243643605893498,0,2,2,1,0.05263158,0.05263158,0,2,2,1
"249","3630",0,0,0,1,1,1,0,0,0,1,1,1
"250","3640",0.00295061931542567,0.00295061931542567,0,2,3,1,0.125,0.125,0,2,3,1
"251","3645",0.00303315320731997,0.00303315320731997,0,2,3,1,0.125,0.125,0,2,3,1
"252","3646",0.0218643012244613,0.0218643012244613,0,5,5,1,0.60000002,0.60000002,0,5,5,1
"253","3647",0.0123103814775173,0.00289656037661673,0.38235295,4,3,5,0.5,0.11764706,0.38235295,5,3,5
"254","3648",0.00330370919602302,0.00330370919602302,0,2,3,1,0.14285715,0.14285715,0,3,3,1
"255","3649",0.00198968520983601,0.00198968520983601,0,2,2,1,0.083333336,0.083333336,0,2,2,1
"256","3655",0.0523766432811137,0.0423914351274008,0.405080223,5,5,5,0.232535177,0.18190015075,0.050635027875,3,3,4
"257","3700",0.00272516747958751,0.00272516747958751,0,2,2,1,0.13043478,0.13043478,0,3,3,1
"258","3710",0.00463938336857409,0.00463938336857409,0,3,3,1,0.22499999,0.22499999,0,3,4,1
"259","3720",0.00336265049423096,0.00336265049423096,0,2,3,1,0.16666667,0.16666667,0,3,3,1
"260","3725",NA,NA,NA,NA,NA,NA,0.38095239,0.38095239,0,4,5,1
"261","3735",NA,NA,NA,NA,NA,NA,0.38095239,0.38095239,0,4,5,1
"262","3740",0.000675144521938966,0.000675144521938966,0,1,1,1,0.033333335,0.033333335,0,1,2,1
"263","3750",0.0105731240044262,0.00914244290194461,0.06666667,4,4,4,0.251041665,0.217708335,0.033333335,3,4,4
"264","3801",0,0,0,1,1,1,0,0,0,1,1,1
"265","3802",0.00276896756715045,0.00237340077184325,0.01923077,2,2,3,0.13461539,0.11538462,0.01923077,3,3,3
"266","3820",0.00634146561830413,0.00536585577646382,0.044444446,3,3,3,0.28888887,0.24444444,0.044444446,4,4,4
"267","3830",0.001290477033511,0.000860318049870843,0.020833334,2,2,3,0.0625,0.041666668,0.020833334,2,2,3
"268","3840",0.00317710295132321,0.00272323110113418,0.021739131,2,2,3,0.15217391,0.13043478,0.021739131,3,3,3
"269","3870",0.00582545891002829,0.00536585532367177,0.022727273,3,3,3,0.14372295,0.13235931,0.0113636365,3,3,3
"270","3900",0.0013044885917797,0.0013044885917797,0,2,2,1,0.0625,0.0625,0,2,2,1
"271","3910",0.00721887270578411,0.00577509796827396,0.05882353,3,3,4,0.29411766,0.23529412,0.05882353,4,4,4
"272","3930",0.00382157187752591,0.00305725763042554,0.035714287,3,3,3,0.089285715,0.071428575,0.0178571435,2,2,3
"273","3940",0,0,0,1,1,1,0,0,0,1,1,1
"274","3945",0.00290101810039851,0.00290101810039851,0,2,3,1,0.13461539,0.13461539,0,3,3,1
"275","3946",0.00269830493689474,0.0020472598084552,0.030672647,2,2,3,0.12712507,0.096452422,0.030672647,3,3,3
"276","3960",0.00829762797418798,0.00699553771730892,0.061345294,3,4,4,0.077773106,0.0655040468,0.0122690588,2,2,3
"277","4000",0.00332332608494824,0.00332332608494824,0,2,3,1,0.14285715,0.14285715,0,3,3,1
"278","4010",0.00708081704872322,0.00486806149087067,0.096153848,3,3,4,0.30769232,0.21153846,0.096153848,4,4,5
"279","4020",NA,NA,NA,NA,NA,NA,NA,NA,NA,NA,NA,NA
"280","4030",0.00157955070133669,0.000789775362909861,0.032258064,2,2,3,0.064516127,0.032258064,0.032258064,2,2,4
"281","4040",0,0,0,1,1,1,0,0,0,1,1,1
"282","4055",0.000866681776887643,0.000866681776887643,0,1,2,1,0.017857144,0.017857144,0,1,1,1
"283","4110",0.00350378905059378,0.00350378905059378,0,2,3,1,0.14,0.14,0,3,3,1
"284","4120",0,0,0,1,1,1,0,0,0,1,1,1
"285","4130",0,0,0,1,1,1,0,0,0,1,1,1
"286","4140",0,0,0,1,1,1,0,0,0,1,1,1
"287","4150",0.00962143654419892,0.00841875661236349,0.045454547,4,4,4,0.36363637,0.31818181,0.045454547,4,4,4
"288","4160",NA,NA,NA,NA,NA,NA,NA,NA,NA,NA,NA,NA
"289","4200",0.00501558071265415,0.00501558071265415,0,3,3,1,0.23076923,0.23076923,0,3,4,1
"290","4210",0.00292270097888182,0.00292270097888182,0,2,3,1,0.14285715,0.14285715,0,3,3,1
"291","4220",NA,NA,NA,NA,NA,NA,NA,NA,NA,NA,NA,NA
"292","4230",0,0,0,1,1,1,0,0,0,1,1,1
"293","4240",0.00135105317619732,0.00135105317619732,0,2,2,1,0.06666667,0.06666667,0,2,2,1
"294","4251",0,0,0,1,1,1,0,0,0,1,1,1
"295","4252",0.000834865948859032,0.000417432974429516,0.01923077,1,1,3,0.03846154,0.01923077,0.01923077,1,1,3
"296","4255",NA,NA,NA,NA,NA,NA,NA,NA,NA,NA,NA,NA
"297","4330",0.0218412502085885,0.0173041797009153,0.166505404,5,5,5,0.208550865,0.16692451,0.041626351,3,3,4
"298","4340",0.00109054523760262,0.00109054523760262,0,1,2,1,0.052631579,0.052631579,0,2,2,1
"299","4350",0.00107784254587013,0.00107784254587013,0,1,2,1,0.045454547,0.045454547,0,2,2,1
"300","4400",NA,NA,NA,NA,NA,NA,NA,NA,NA,NA,NA,NA
"301","4420",0,0,0,1,1,1,0,0,0,1,1,2
"302","4435",NA,NA,NA,NA,NA,NA,NA,NA,NA,NA,NA,NA
"303","4461",NA,NA,NA,NA,NA,NA,0.0973193515,0.0684731965,0.028846155,2,2,3
"304","4465",0.00243019964994787,0.00243019964994787,0,2,2,1,0.11363637,0.11363637,0,2,3,2
"305","4500",0.00346024095628373,0.00207614465681602,0.050000001,2,2,4,0.125,0.075000003,0.050000001,2,2,4
"306","4510",0.0011920043558431,0.0011920043558431,0,2,2,1,0.043478262,0.043478262,0,2,2,2
"307","4521",0.0018359167218379,0.0018359167218379,0,2,2,1,0.055555556,0.055555556,0,2,2,2
"308","4522",0.003034234165721,0.003034234165721,0,2,3,2,0.11111111,0.11111111,0,2,3,2
"309","4525",0.00487015088755891,0.00487015088755891,0,3,3,2,0.0416666665,0.0416666665,0,1,2,2
"310","4530",0.00676938628272933,0.00548937197247314,0.05882353,3,3,4,0.123161765,0.09375,0.029411765,2,3,3
"311","4540",0.00745943564882932,0.00221985514706759,0.187306495,3,2,5,0.136222908,0.04256966,0.0936532475,3,2,5
"312","4600",0.00131780377894004,0.00131780377894004,0,2,2,2,0.059999999,0.059999999,0,2,2,2
"313","4621",0.00223872266192287,0.00223872266192287,0,2,2,2,0.090909094,0.090909094,0,2,2,2
"314","4622",0.00358216867462013,0.00255869180517105,0.041666668,2,2,3,0.14583333,0.10416666,0.041666668,3,3,4
"315","4640",0.00157356108066773,0.000786780540333866,0.033333335,2,2,3,0.06666667,0.033333335,0.033333335,2,2,4
"316","4655",NA,NA,NA,NA,NA,NA,0.083333336,0.083333336,0,2,2,2
"317","4700",0.00518316423479949,0.00403134993352394,0.047619049,3,3,4,0.21428572,0.16666667,0.047619049,3,3,4
"318","4710",0.0138837307535847,0.00647907464045449,0.22222222,4,3,5,0.41666666,0.19444445,0.22222222,4,3,5
"319","4720",0.00867934314922153,0.00551646134882855,0.135632187,3,3,5,0.1862069,0.11839081,0.0678160935,3,3,4
"320","4740",0.00680088240747939,0.00680088240747939,0,3,4,2,0.3125,0.3125,0,4,4,2
"321","4750",0.00473811080466381,0.00473811080466381,0,3,3,2,0.21052632,0.21052632,0,3,4,2
"322","4760",0.0052357261479819,0.0020942905597187,0.125,3,2,5,0.20833333,0.083333336,0.125,3,2,5
"323","4800",0.0183462770851178,0.0168174204065486,0.050000001,5,5,4,0.60000002,0.55000001,0.050000001,5,5,4
"324","4810",0.00561311945804268,0.00561311945804268,0,3,3,2,0.15789473,0.15789473,0,3,3,2
"325","4820",0.0176557336322275,0.0148970241762957,0.083333336,5,5,4,0.53333336,0.44999999,0.083333336,5,5,5
"326","4830",0.020873135552769,0.020873135552769,0,5,5,2,0.625,0.625,0,5,5,2
"327","4840",0.0251124678063131,0.0251124678063131,0,5,5,2,0.73333335,0.73333335,0,5,5,2
"328","4850",0.0276665475046,0.0201881710724627,0.281432744,5,5,5,0.5050748,0.36435841,0.140716372,5,4,5
"329","4900",0.00988179744446862,0.00104497893976766,0.30952382,4,2,5,0.17559524,0.020833334,0.15476191,3,1,5
"330","4920",0.016476194319075,0.0110484465551765,0.185007975,4,4,5,0.27551834,0.183014355,0.0925039875,4,3,5
"331","4930",0.0137219712236162,0.0104548351402043,0.1,4,4,4,0.41999999,0.31999999,0.1,4,4,5
"332","4940",0.0559542811163519,0.029193538684548,0.45833334,5,5,5,0.95833331,0.5,0.45833334,5,5,5
"333","4950",0.00619924284728212,0.00619924284728212,0,3,3,2,0.16666667,0.16666667,0,3,3,2
"334","4965",NA,NA,NA,NA,NA,NA,NA,NA,NA,NA,NA,NA
"335","5000",0.0189449323647713,0.0157874436881801,0.10344828,5,5,4,0.62068963,0.51724136,0.10344828,5,5,5
"336","5010",0.0168286190302837,0.00885716808781901,0.23684211,4,4,5,0.5,0.2631579,0.23684211,5,4,5
"337","5020",0.0150063037336675,0.00346299316930788,0.3125,4,3,5,0.40625,0.09375,0.3125,4,3,5
"338","5040",NA,NA,NA,NA,NA,NA,NA,NA,NA,NA,NA,NA
"339","5100",0.028979533908051,0.024342808816607,0.13333334,5,5,5,0.83333331,0.69999999,0.13333334,5,5,5
"340","5110",0.0200991886940269,0.0132080386981153,0.2,5,4,5,0.58333331,0.38333333,0.2,5,5,5
"341","5120",0.0295400163373373,0.0113615449286624,0.53333336,5,4,5,0.86666667,0.33333334,0.53333336,5,4,5
"342","5130",0.00162769630854807,0,0.05882353,2,1,4,0.05882353,0,0.05882353,2,1,4
"343","5140",0.0270791699303878,0.0199111546594808,0.20454545,5,5,5,0.77272725,0.56818181,0.20454545,5,5,5
"344","5150",0.0211719831087337,0.0201133831688751,0.02631579,5,5,3,0.52631581,0.5,0.02631579,5,5,3
"345","5160",0.00974047623557498,0.0057557360040751,0.15517241,4,3,5,0.37931034,0.22413793,0.15517241,4,4,5
"346","5165",NA,NA,NA,NA,NA,NA,NA,NA,NA,NA,NA,NA
"347","5200",0.00997142296044299,0.00664761508537482,0.1,4,3,4,0.30000001,0.2,0.1,4,3,5
"348","5210",0.0254079330831591,0.00983532966830708,0.45238096,5,4,5,0.73809522,0.2857143,0.45238096,5,4,5
"349","5220",0.0203169247648539,0.019121812724445,0.033333335,5,5,3,0.56666666,0.53333336,0.033333335,5,5,4
"350","5230",0.0217841949093911,0.0157330296567825,0.15625,5,5,5,0.5625,0.40625,0.15625,5,5,5
"351","5240",0.0174595548408294,0.0102703267031924,0.23333333,5,4,5,0.56666666,0.33333334,0.23333333,5,4,5
"352","5250",0.0165826638372776,0.00725491560499974,0.2647059,4,4,5,0.47058824,0.20588236,0.2647059,5,3,5
"353","5260",0.015989415456391,0.0129438126363161,0.10526316,4,4,4,0.55263156,0.44736841,0.10526316,5,5,5
"354","5300",0.0102856585690854,0.0102856585690854,0,4,4,2,0.375,0.375,0,4,5,2
"355","5310",0.0220206399957032,0.0167776308803735,0.14705883,5,5,5,0.61764705,0.47058824,0.14705883,5,5,5
"356","5320",0.00778064159348442,0.0070025774598121,0.030303031,3,4,3,0.30303031,0.27272728,0.030303031,4,4,3
"357","5330",0.0161893130189205,0.0152370010732277,0.027777778,4,5,3,0.47222221,0.44444445,0.027777778,5,5,3
"358","5340",0.0129404813220643,0.00862698776371753,0.13333334,4,4,5,0.40000001,0.26666668,0.13333334,4,4,5
"359","5350",0.0151464277433577,0.012874462761675,0.078947365,4,4,4,0.52631581,0.44736841,0.078947365,5,5,4
"360","5360",0.0187890759888909,0.0108778859406078,0.21052632,5,4,5,0.5,0.28947368,0.21052632,5,4,5
"361","5400",0.0139913632171018,0.00874460221837291,0.15789473,4,4,5,0.42105263,0.2631579,0.15789473,4,4,5
"362","5410",0.00771941973767442,0.00356280916724895,0.16666667,3,3,5,0.30952382,0.14285715,0.16666667,4,3,5
"363","5420",NA,NA,NA,NA,NA,NA,NA,NA,NA,NA,NA,NA
"364","5500",0.0144448199294117,0.0108393739044602,0.10517473,4,4,4,0.42137098,0.31619623,0.10517473,4,4,5
"365","5510",0.00425801204003061,0.00425801204003061,0,3,3,2,0.20588236,0.20588236,0,3,3,2
"366","5521",0.00792536889268622,0.00792536889268622,0,3,4,2,0.30555555,0.30555555,0,4,4,2
"367","5522",0.0102671103952659,0.00898372159585767,0.03846154,4,4,3,0.30769232,0.26923078,0.03846154,4,4,4
"368","5530",0.00160644574646704,0.00160644574646704,0,2,2,2,0.07692308,0.07692308,0,2,2,2
"369","5540",0.00681598600997853,0.00227199526509166,0.19047619,3,2,5,0.2857143,0.095238097,0.19047619,4,3,5
"370","5550",0.00487887068076685,0.00292732245139417,0.090909094,3,3,4,0.22727273,0.13636364,0.090909094,3,3,5
"371","5560",0.00631922740689288,0.00140427267751186,0.20588236,3,2,5,0.2647059,0.05882353,0.20588236,3,2,5
"372","5600",0.0193887981402123,0.00820295307882409,0.44117647,5,4,5,0.7647059,0.32352942,0.44117647,5,4,5
"373","5610",0.0114110820372087,0.0104601582551704,0.045454547,4,4,4,0.54545456,0.5,0.045454547,5,5,4
"374","5630",0.0115201239357718,0.00300524993317829,0.38636363,4,3,5,0.52272725,0.13636364,0.38636363,5,3,5
"375","5710",0.0247186466678185,0.0189024940778946,0.18181819,5,5,5,0.77272725,0.59090906,0.18181819,5,5,5
"376","5720",0.0225383485981811,0.0150255660827173,0.21428572,5,5,5,0.64285713,0.42857143,0.21428572,5,5,5
"377","5730",0.0278069899094809,0.019696617852549,0.21875,5,5,5,0.75,0.53125,0.21875,5,5,5
"378","5740",0.0275044167534024,0.0174007534562342,0.28125,5,5,5,0.765625,0.484375,0.28125,5,5,5
"379","5810",0.0208224239605341,0.0128137997373501,0.27777779,5,4,5,0.72222221,0.44444445,0.27777779,5,5,5
"380","5820",0.0290703253641008,0.0239402670416023,0.15000001,5,5,5,0.85000002,0.69999999,0.15000001,5,5,5
"381","5830",0.0127851483038032,0.0114393426582041,0.055555556,4,4,4,0.52777779,0.47222221,0.055555556,5,5,4
"382","5840",0.0210073750674312,0.0140049167116208,0.2037037,5,4,5,0.6111111,0.4074074,0.2037037,5,5,5
"383","5850",0.00606273993843156,0,0.27586207,3,1,5,0.27586207,0,0.27586207,4,1,5
"384","5860",0.0228828066296005,0.0155012564839537,0.23809524,5,5,5,0.73809522,0.5,0.23809524,5,5,5
"385","5900",0.0064878601613515,0.0064878601613515,0,3,3,2,0.27777779,0.27777779,0,4,4,2
"386","5910",0.0362946808357164,0.0311097265935698,0.13636364,5,5,5,0.95454544,0.81818181,0.13636364,5,5,5
"387","5920",0.028722810146781,0.0224787197529944,0.17857143,5,5,5,0.8214286,0.64285713,0.17857143,5,5,5
"388","5940",NA,NA,NA,NA,NA,NA,NA,NA,NA,NA,NA,NA
"389","6005",0.000679239235867315,0.000679239235867315,0,1,1,2,0.033333335,0.033333335,0,1,2,2
"390","6010",0.00745334011037247,0.000993778717821547,0.29545453,3,2,5,0.34090909,0.045454547,0.29545453,4,2,5
"391","6020",0.000922472038112498,0,0.041666668,1,1,3,0.041666668,0,0.041666668,2,1,4
"392","6040",0.00502982200033122,0,0.16666667,3,1,5,0.16666667,0,0.16666667,3,1,5
"393","6050",NA,NA,NA,NA,NA,NA,NA,NA,NA,NA,NA,NA
"394","6115",0,0,0,1,1,2,0,0,0,1,1,2
"395","6120",0.000489334728098099,0,0.023809524,1,1,3,0.023809524,0,0.023809524,1,1,3
"396","6130",NA,NA,NA,NA,NA,NA,NA,NA,NA,NA,NA,NA
"397","6200",0.00343458906921857,0.00343458906921857,0,2,3,2,0.16666667,0.16666667,0,3,3,2
"398","6210",0,0,0,1,1,2,0,0,0,1,1,2
"399","6220",0,0,0,1,1,2,0,0,0,1,1,2
"400","6230",0,0,0,1,1,2,0,0,0,1,1,2
"401","6240",0,0,0,1,1,2,0,0,0,1,1,2
"402","6250",0,0,0,1,1,2,0,0,0,1,1,2
"403","6260",0.000678997417852449,0,0.03125,1,1,3,0.03125,0,0.03125,1,1,3
"404","6305",0.0012019087635716,0,0.053571429,2,1,4,0.017857143,0,0.017857143,1,1,3
"405","6330",0.000843170513038221,0.000843170513038221,0,1,2,2,0.01923077,0.01923077,0,1,1,2
"406","6355",0.000979207453826382,0.000979207453826382,0,1,2,2,0.047619049,0.047619049,0,2,2,2
"407","6360",0,0,0,1,1,2,0,0,0,1,1,2
"408","6400",0.0011153714491855,0.0011153714491855,0,1,2,2,0.0250000005,0.0250000005,0,1,1,2
"409","6410",0.000599323312351445,0.000599323312351445,0,1,1,2,0.013157895,0.013157895,0,1,1,2
"410","6441",0,0,0,1,1,2,0,0,0,1,1,2
"411","6442",0.000691465228425791,0.000691465228425791,0,1,1,2,0.033333335,0.033333335,0,1,2,2
"412","6460",0,0,0,1,1,2,0,0,0,1,1,2
"413","6500",0,0,0,1,1,2,0,0,0,1,1,2
"414","6515",0.000389258503427988,0.000389258503427988,0,1,1,2,0.017857144,0.017857144,0,1,1,2
"415","6520",0.00131990935870415,0.000439969800313749,0.041666668,2,1,3,0.0625,0.020833334,0.041666668,2,1,4
"416","6530",0,0,0,1,1,2,0,0,0,1,1,2
"417","6540",0.000807160566208373,0.000807160566208373,0,1,2,2,0.03846154,0.03846154,0,1,2,2
"418","6600",NA,NA,NA,NA,NA,NA,NA,NA,NA,NA,NA,NA
"419","6660",0.00509871086450698,0.00480695912844612,0.013157895,3,3,3,0.22994988,0.21679199,0.013157895,3,4,3
"420","6700",0.0010572637910212,0.0010572637910212,0,1,2,2,0.050000001,0.050000001,0,2,2,2
"421","6710",0,0,0,1,1,2,0,0,0,1,1,2
"422","6720",0,0,0,1,1,2,0,0,0,1,1,2
"423","6730",0,0,0,1,1,2,0,0,0,1,1,2
"424","6740",0,0,0,1,1,2,0,0,0,1,1,2
"425","6750",0.000957177190478485,0.000957177190478485,0,1,2,2,0.045454547,0.045454547,0,2,2,2
"426","6765",0.00634691069951581,0.00634691069951581,0,3,3,2,0.154166663,0.154166663,0,3,3,2
"427","6800",0.00221497041375345,0.00110748518583451,0.052631579,2,2,4,0.03508772,0.0175438596666667,0.0175438596666667,1,1,3
"428","6821",0,0,0,1,1,2,0,0,0,1,1,2
"429","6825",0.000414706915282642,9.32077245413079e-05,0.014556576,1,1,3,0.01877676,0.004220183,0.014556576,1,1,3
"430","6835",0.0011197335901958,0.000798234399454464,0.014556576,1,2,3,0.0260550475,0.018776759,0.007278288,1,1,3
"431","6850",NA,NA,NA,NA,NA,NA,NA,NA,NA,NA,NA,NA
"432","6920",0,0,0,1,1,2,0,0,0,1,1,2
"433","6950",NA,NA,NA,NA,NA,NA,NA,NA,NA,NA,NA,NA
"434","7000",0.00586454470581182,0.00342098434004579,0.11363637,3,3,4,0.27272728,0.15909091,0.11363637,4,3,5
"435","7010",0.00603299740952363,0.00603299740952363,0,3,3,2,0.28,0.28,0,4,4,2
"436","7020",0.00623705651983226,0.00355487738085313,0.129166668,3,3,5,0.15,0.0854166675,0.064583334,3,2,4
"437","7030",0.00346809763385806,0.00260107322539354,0.03846154,2,2,3,0.15384616,0.11538462,0.03846154,3,3,4
"438","7040",0.000817190416848817,0.000544793597067912,0.012820513,1,1,3,0.03846154,0.025641026,0.012820513,1,1,3
"439","7050",0.0045212063284286,0.00376767201571061,0.033333335,3,3,3,0.2,0.16666667,0.033333335,3,3,4
"440","7100",0.0248555954581228,0.0205951898933896,0.197115389,5,5,5,0.14342766875,0.1187882445,0.024639423625,3,3,3
"441","7110",0.00272715669123758,0.00272715669123758,0,2,2,2,0.125,0.125,0,2,3,2
"442","7120",0.00293115849518117,0.00293115849518117,0,2,3,2,0.13636364,0.13636364,0,3,3,2
"443","7130",0.00327760474583636,0.00196656284750182,0.0625,2,2,4,0.15625,0.09375,0.0625,3,3,4
"444","7140",0,0,0,1,1,2,0,0,0,1,1,2
"445","7150",0,0,0,1,1,2,0,0,0,1,1,2
"446","7160",0,0,0,1,1,2,0,0,0,1,1,2
"447","7200",0.00214147096609208,0.00178455919551596,0.016666668,2,2,3,0.1,0.083333336,0.016666668,2,2,3
"448","7210",0.000418332045109902,0.000418332045109902,0,1,1,2,0.01923077,0.01923077,0,1,1,2
"449","7220",0.00308481728328214,0.00308481728328214,0,2,3,2,0.048809526,0.048809526,0,2,2,2
"450","7240",0.000787116898160002,0.000787116898160002,0,1,2,2,0.0119047623333333,0.0119047623333333,0,1,1,2
"451","7260",0.00123556647813075,0.00123556647813075,0,2,2,2,0.0196078433333333,0.0196078433333333,0,1,1,2
"452","7300",0.00122472175028337,0.000533820273228812,0.032820513,2,1,3,0.02923077,0.012820513,0.0164102565,1,1,3
"453","7315",0.000683065535819526,0.000683065535819526,0,1,1,2,0.033333335,0.033333335,0,1,2,2
"454","7320",0.00138333802299226,0.00138333802299226,0,2,2,2,0.064516127,0.064516127,0,2,2,2
"455","7330",0.00689330677775488,0.00689330677775488,0,3,4,2,0.08008756025,0.08008756025,0,2,2,2
"456","7340",0.00285782384936754,0.00285782384936754,0,2,3,2,0.13333334,0.13333334,0,3,3,2
"457","7350",0.00236474632144242,0.00236474632144242,0,2,2,2,0.11111111,0.11111111,0,2,3,2
"458","7360",0.000455138332867588,0.000455138332867588,0,1,1,2,0.021739131,0.021739131,0,1,1,2
"459","7410",0,0,0,1,1,2,0,0,0,1,1,2
"460","7420",0,0,0,1,1,2,0,0,0,1,1,2
"461","7430",NA,NA,NA,NA,NA,NA,NA,NA,NA,NA,NA,NA
"462","7440",0.000797942189050107,0.000797942189050107,0,1,2,2,0.03846154,0.03846154,0,1,2,2
"463","7510",0.00344610681494182,0.00114870232257308,0.10526316,2,2,4,0.15789473,0.052631579,0.10526316,3,2,5
"464","7520",0,0,0,1,1,2,0,0,0,1,1,2
"465","7540",0.00154525070975789,0.00154525070975789,0,2,2,2,0.071428575,0.071428575,0,2,2,2
"466","7550",0.000736944926642461,0.000736944926642461,0,1,1,2,0.035714287,0.035714287,0,1,2,2
"467","7560",0,0,0,1,1,2,0,0,0,1,1,2
"468","7610",0,0,0,1,1,2,0,0,0,1,1,2
"469","7640",0.0143537479986949,0.00812708789838648,0.271929832,4,4,5,0.0704539132222222,0.0402394888888889,0.0302144257777778,2,2,3
"470","7700",0.00960696317166211,0.00960696317166211,0,4,4,2,0.44999999,0.44999999,0,5,5,2
"471","7710",0.0010482646744203,0.00069884313724549,0.016666668,1,1,3,0.050000001,0.033333335,0.016666668,2,2,3
"472","7720",0.00908504872908185,0.00676238833493221,0.094537817,3,3,4,0.124840848,0.093328243,0.0315126056666667,2,2,4
"473","7730",0.00186017859480908,0.00186017859480908,0,2,2,2,0.083333336,0.083333336,0,2,2,2
"474","7740",0,0,0,1,1,2,0,0,0,1,1,2
"475","7750",NA,NA,NA,NA,NA,NA,NA,NA,NA,NA,NA,NA
"476","7800",0.00197579315640868,0.0013171954059931,0.027777778,2,2,3,0.083333336,0.055555556,0.027777778,2,2,3
"477","7810",0.00278443548496614,0.000928145191356026,0.083333336,2,2,4,0.0416666666666667,0.0138888893333333,0.0277777786666667,1,1,3
"478","7830",0.00113958879867333,0.00113958879867333,0,2,2,2,0.050000001,0.050000001,0,2,2,2
"479","7840",0.00327366315012004,0.00280599698581718,0.02,2,2,3,0.14,0.12,0.02,3,3,3
"480","7850",0,0,0,1,1,2,0,0,0,1,1,2
"481","7855",NA,NA,NA,NA,NA,NA,NA,NA,NA,NA,NA,NA
"482","7905",0.0272610504104889,0.0222569717215779,0.220375039,5,5,5,0.30071369,0.245619925,0.05509375975,4,4,4
"483","7925",0.00295333568632043,0.00227180311352362,0.03125,2,2,3,0.0455043866666667,0.03508772,0.0104166666666667,2,2,3
"484","7950",0.000683255594211483,0.000683255594211483,0,1,1,2,0.03125,0.03125,0,1,2,2
"485","8000",0.00255567704506462,0.00127783854553341,0.055555556,2,2,4,0.11111111,0.055555556,0.055555556,2,2,4
"486","8025",0.00386450649697248,0.00258666799744126,0.055555556,3,2,4,0.034354575,0.0232434642,0.0111111112,1,1,3
"487","8030",0.00182715472259203,0.00182715472259203,0,2,2,2,0.086206898,0.086206898,0,2,2,2
"488","8040",0,0,0,1,1,2,0,0,0,1,1,2
"489","8060",0.00494894800234748,0.00209323245248297,0.13333334,3,2,5,0.11354167,0.046875,0.06666667,2,2,4
"490","8100",0,0,0,1,1,2,0,0,0,1,1,2
"491","8130",0.00253626753193393,0.00126813376596697,0.05882353,2,2,4,0.11764706,0.05882353,0.05882353,2,2,4
"492","8140",0.00150386270158388,0.00037750594633063,0.05172414,2,1,4,0.034195404,0.008333334,0.02586207,1,1,3
"493","8225",NA,NA,NA,NA,NA,NA,NA,NA,NA,NA,NA,NA
"494","8250",0.00631780779125016,0.00574346162840924,0.02,3,3,3,0.22,0.2,0.02,3,3,3
"495","8255",0.00451088343340946,0.00150362783419211,0.13043478,3,2,5,0.19565217,0.065217391,0.13043478,3,2,5
"496","8256",0,0,0,1,1,2,0,0,0,1,1,2
"497","8300",0,0,0,1,1,2,0,0,0,1,1,2
"498","8310",0.000535089415567151,0.000535089415567151,0,1,1,2,0.017857144,0.017857144,0,1,1,2
"499","8320",0,0,0,1,1,2,0,0,0,1,1,2
"500","8335",0,0,0,1,1,2,0,0,0,1,1,2
"501","8350",0,0,0,1,1,2,0,0,0,1,1,2
"502","8365",0.00736545337880336,0.00254800170029633,0.197222224,3,2,5,0.075694447,0.02638888925,0.049305556,2,1,4
"503","8450",0.000498956069051267,0,0.022727273,1,1,3,0.022727273,0,0.022727273,1,1,3
"504","8465",NA,NA,NA,NA,NA,NA,NA,NA,NA,NA,NA,NA
"505","8500",0.00378137730311974,0.00162059033758921,0.1,3,2,4,0.175,0.075000003,0.1,3,2,5
"506","8510",0,0,0,1,1,2,0,0,0,1,1,2
"507","8530",0,0,0,1,1,2,0,0,0,1,1,2
"508","8540",0.00171354819525839,0.00128516110189154,0.01923077,2,2,3,0.07692308,0.057692308,0.01923077,2,2,3
"509","8555",NA,NA,NA,NA,NA,NA,NA,NA,NA,NA,NA,NA
"510","8600",0.00700405877590607,0.00600613916441466,0.044444446,3,3,4,0.101455031,0.0866402143333333,0.0148148153333333,2,2,3
"511","8610",0.00171453177962738,0.00171453177962738,0,2,2,2,0.079999998,0.079999998,0,2,2,2
"512","8620",0.00259586270027462,0.00259586270027462,0,2,2,2,0.125,0.125,0,3,3,2
"513","8630",0.011299670624329,0.00828977122996666,0.141447369,4,4,5,0.13377193,0.09841008625,0.03536184225,3,3,4
"514","8640",0.00472334297079514,0.00472334297079514,0,3,3,2,0.1128364385,0.1128364385,0,2,3,2
"515","8650",0.00417226108701095,0.00417226108701095,0,3,3,2,0.0653907513333333,0.0653907513333333,0,2,2,2
"516","8710",0.00232991004806739,0.0015532734016213,0.035714287,2,2,3,0.05357143,0.0357142875,0.0178571435,2,2,3
"517","8720",0.00118579948210994,0.000790533010208216,0.017857144,2,2,3,0.053571429,0.035714287,0.017857144,2,2,3
"518","8730",0.00246033735007407,0.00246033735007407,0,2,2,2,0.11111111,0.11111111,0,2,3,2
"519","8740",0.010798176728233,0.00573653138687377,0.234375,4,3,5,0.5,0.265625,0.234375,5,4,5
"520","8750",0.000892325232908752,0.000892325232908752,0,1,2,2,0.031060606,0.031060606,0,1,2,2
"521","8760",0,0,0,1,1,2,0,0,0,1,1,2
"522","8800",0,0,0,1,1,2,0,0,0,1,1,2
"523","8810",0,0,0,1,1,2,0,0,0,1,1,2
"524","8830",0.00145951639420836,0.000729758197104178,0.03125,2,1,3,0.0625,0.03125,0.03125,2,2,4
"525","8850",0.00126690072684182,0.00126690072684182,0,2,2,2,0.05882353,0.05882353,0,2,2,2
"526","8865",0.0117889793531884,0.00921648303641827,0.1141180484,4,4,4,0.0586255022666667,0.0459457181111111,0.0126797831555556,2,2,3
"527","8910",0.000763541523403773,0,0.033333335,1,1,3,0.033333335,0,0.033333335,1,1,4
"528","8920",0.000145083372477628,0,0.0065789474,1,1,3,0.0065789474,0,0.0065789474,1,1,3
"529","8930",0,0,0,1,1,2,0,0,0,1,1,2
"530","8940",0,0,0,1,1,2,0,0,0,1,1,2
"531","8950",0.000652698294444546,0,0.029411765,1,1,3,0.029411765,0,0.029411765,1,1,3
"532","8990",0.043729785430408,0.0340433497832006,0.4282430874,5,5,5,0.102043032126316,0.079503921,0.0225391098631579,2,2,3
"533","9005",0.0352457236625728,0.0277885287648615,0.352554037,5,5,5,0.267797015,0.209037995,0.0587590061666667,4,4,4
"534","9030",0.0042078822751385,0.00294680898604812,0.05769231,3,3,4,0.096153849,0.067307694,0.028846155,2,2,3
"535","9040",0.0067547865752331,0.00366034928514456,0.132850241,3,3,5,0.13768116,0.0712560395,0.0664251205,3,2,4
"536","9050",0.00243740570598215,0.00243740570598215,0,2,2,2,0.1,0.1,0,2,3,2
"537","9110",0,0,0,1,1,2,0,0,0,1,1,2
"538","9121",0.00356859101994946,0.00356859101994946,0,2,3,2,0.15730707,0.15730707,0,3,3,2
"539","9122",0,0,0,1,1,2,0,0,0,1,1,3
"540","9130",0.0071846690877283,0.00545599246857375,0.083333336,3,3,4,0.110727087,0.0829493083333333,0.0277777786666667,2,2,3
"541","9141",0.0053556590244169,0.0053556590244169,0,3,3,2,0.118249638,0.118249638,0,2,3,3
"542","9142",0.00178706800446744,0.00178706800446744,0,2,2,2,0.079192206,0.079192206,0,2,2,3
"543","9150",NA,NA,NA,NA,NA,NA,NA,NA,NA,NA,NA,NA
"544","9210",0.00399937243253381,0.00399937243253381,0,3,3,3,0.093333335,0.093333335,0,2,3,3
"545","9240",0.00379015243298936,0.00284261427262743,0.045454547,3,3,4,0.18181819,0.13636364,0.045454547,3,3,4
"546","9265",NA,NA,NA,NA,NA,NA,NA,NA,NA,NA,NA,NA
"547","9300",0.000757021367550547,0,0.035714287,1,1,3,0.035714287,0,0.035714287,1,1,4
"548","9310",0.00279881833339979,0.00279881833339979,0,2,2,3,0.06666667,0.06666667,0,2,2,3
"549","9330",0.00488043859077467,0.00488043859077467,0,3,3,3,0.23529412,0.23529412,0,3,4,3
"550","9350",0,0,0,1,1,3,0,0,0,1,1,3
"551","9365",NA,NA,NA,NA,NA,NA,0.055555555,0.055555555,0,2,2,3
"552","9410",0.00478337261558958,0.00195377191460543,0.13333334,3,2,5,0.22539683,0.092063494,0.13333334,3,2,5
"553","9415",0.00313021812481292,0.00156510906240646,0.071428575,2,2,4,0.14285715,0.071428575,0.071428575,3,2,4
"554","9430",NA,NA,NA,NA,NA,NA,0.13370535875,0.079464286875,0.054241073125,3,2,4
"555","9510",0,0,0,1,1,3,0,0,0,1,1,3
"556","9570",0.0154278740940147,0.011408211667743,0.186460493,4,4,5,0.0500663841428571,0.0367477775,0.0133186066428571,2,2,3
"557","9600",0,0,0,1,1,3,0,0,0,1,1,3
"558","9610",0,0,0,1,1,3,0,0,0,1,1,3
"559","9620",0.00166209095986503,0.000524870815508172,0.051587302,2,1,4,0.075396828,0.023809524,0.051587302,2,1,4
"560","9630",0.00178004486218539,0.00178004486218539,0,2,2,3,0.07692308,0.07692308,0,2,2,3
"561","9640",0.00192059272057052,0.00192059272057052,0,2,2,3,0.083333336,0.083333336,0,2,2,3
"562","9645",0.00186929206454131,0.00149543367855085,0.016666668,2,2,3,0.083333336,0.06666667,0.016666668,2,2,3
"563","9650",0.00568726959092806,0.00568726959092806,0,3,3,3,0.0879120916666667,0.0879120916666667,0,2,2,3
"564","9720",0.000681071215837279,0,0.03125,1,1,3,0.03125,0,0.03125,1,1,4
"565","9760",NA,NA,NA,NA,NA,NA,NA,NA,NA,NA,NA,NA
"566","9800",NA,NA,NA,NA,NA,NA,NA,NA,NA,NA,NA,NA
"567","9810",NA,NA,NA,NA,NA,NA,NA,NA,NA,NA,NA,NA
"568","9825",NA,NA,NA,NA,NA,NA,NA,NA,NA,NA,NA,NA
