"","occ1990dd","pct_ai","pct_ai_quint","occ1990"
"1",4,28,2,3
"2",4,28,2,4
"3",7,67,4,7
"4",8,75,4,8
"5",13,82,4,13
"6",13,82,4,197
"7",14,63,3,14
"8",15,84,4,15
"9",18,34,2,18
"10",19,1,1,19
"11",22,68,4,5
"12",22,68,4,16
"13",22,68,4,17
"14",22,68,4,21
"15",22,68,4,22
"16",23,48,3,23
"17",24,84,4,24
"18",25,81,4,25
"19",26,80,4,26
"20",27,44,3,27
"21",28,100,5,28
"22",29,85,4,29
"23",33,80,4,9
"24",33,80,4,33
"25",34,28,2,34
"26",35,100,5,35
"27",36,42,2,36
"28",37,54,3,37
"29",43,87,5,43
"30",44,80,4,44
"31",45,100,5,45
"32",47,85,4,46
"33",47,85,4,47
"34",48,100,5,48
"35",53,85,4,53
"36",55,87,5,55
"37",56,84,4,56
"38",57,75,4,57
"39",59,90,5,49
"40",59,90,5,54
"41",59,90,5,58
"42",59,90,5,59
"43",64,83,4,64
"44",65,83,4,65
"45",66,93,5,66
"46",68,89,5,67
"47",68,89,5,68
"48",69,100,5,69
"49",73,85,4,73
"50",74,100,5,74
"51",75,91,5,75
"52",76,89,5,76
"53",77,53,3,77
"54",78,82,4,78
"55",79,77,4,79
"56",83,93,5,83
"57",84,53,3,84
"58",85,54,3,85
"59",86,85,4,86
"60",87,100,5,87
"61",88,26,2,88
"62",89,28,2,89
"63",95,78,4,95
"64",96,17,1,96
"65",97,54,3,97
"66",98,59,3,98
"67",99,93,5,99
"68",103,93,5,103
"69",104,59,3,104
"70",105,54,3,105
"71",106,24,2,106
"72",154,1,1,113
"73",154,1,1,114
"74",154,1,1,115
"75",154,1,1,116
"76",154,1,1,117
"77",154,1,1,118
"78",154,1,1,119
"79",154,1,1,123
"80",154,1,1,124
"81",154,1,1,125
"82",154,1,1,126
"83",154,1,1,127
"84",154,1,1,128
"85",154,1,1,129
"86",154,1,1,133
"87",154,1,1,134
"88",154,1,1,135
"89",154,1,1,136
"90",154,1,1,137
"91",154,1,1,138
"92",154,1,1,139
"93",154,1,1,143
"94",154,1,1,144
"95",154,1,1,145
"96",154,1,1,146
"97",154,1,1,147
"98",154,1,1,148
"99",154,1,1,149
"100",154,1,1,153
"101",154,1,1,154
"102",155,44,3,155
"103",156,40,2,156
"104",157,43,2,157
"105",158,54,3,158
"106",159,55,3,159
"107",163,40,2,163
"108",164,26,2,164
"109",165,28,2,165
"110",166,87,5,166
"111",167,85,4,167
"112",169,87,5,168
"113",169,87,5,169
"114",173,84,4,173
"115",174,60,3,174
"116",176,2,1,176
"117",176,2,1,177
"118",177,21,1,465
"119",178,79,4,178
"120",178,79,4,179
"121",183,23,2,183
"122",184,80,4,184
"123",185,77,4,185
"124",186,28,2,186
"125",187,43,2,187
"126",188,52,3,188
"127",189,80,4,189
"128",193,14,1,193
"129",194,1,1,194
"130",195,14,1,195
"131",198,9,1,198
"132",199,52,3,199
"133",203,100,5,203
"134",204,76,4,204
"135",205,34,2,205
"136",206,58,3,206
"137",207,23,2,207
"138",208,42,2,208
"139",214,91,5,213
"140",214,91,5,214
"141",214,91,5,215
"142",214,91,5,216
"143",217,81,4,217
"144",218,84,4,63
"145",218,84,4,218
"146",218,84,4,867
"147",223,84,4,223
"148",224,23,2,224
"149",226,80,4,226
"150",227,29,2,227
"151",228,82,4,228
"152",229,94,5,229
"153",233,85,5,233
"154",234,25,2,234
"155",235,82,4,235
"156",243,61,3,243
"157",253,33,2,253
"158",254,88,5,254
"159",255,64,3,255
"160",256,16,1,256
"161",258,47,3,258
"162",274,18,1,257
"163",274,18,1,259
"164",274,18,1,284
"165",274,18,1,285
"166",275,2,1,263
"167",275,2,1,264
"168",275,2,1,265
"169",275,2,1,266
"170",275,2,1,267
"171",275,2,1,268
"172",275,2,1,269
"173",275,2,1,274
"174",275,2,1,275
"175",276,38,2,276
"176",277,13,1,277
"177",277,13,1,278
"178",283,2,1,283
"179",303,29,2,303
"180",303,29,2,305
"181",308,68,4,304
"182",308,68,4,308
"183",308,68,4,309
"184",313,9,1,313
"185",313,9,1,314
"186",315,9,1,315
"187",316,14,1,316
"188",317,2,1,317
"189",318,46,3,318
"190",319,59,3,319
"191",319,59,3,323
"192",326,2,1,326
"193",326,2,1,327
"194",328,21,1,328
"195",329,9,1,329
"196",335,6,1,335
"197",336,24,2,325
"198",336,24,2,336
"199",337,14,1,337
"200",338,2,1,338
"201",344,28,2,339
"202",344,28,2,343
"203",344,28,2,344
"204",347,87,5,345
"205",347,87,5,347
"206",348,35,2,306
"207",348,35,2,348
"208",349,NA,NA,353
"209",354,3,1,354
"210",355,1,1,355
"211",356,92,5,356
"212",357,13,1,357
"213",359,100,5,359
"214",364,77,4,307
"215",364,77,4,364
"216",365,18,1,365
"217",366,9,1,366
"218",368,63,3,368
"219",373,23,2,363
"220",373,23,2,373
"221",375,53,3,375
"222",376,42,2,376
"223",377,21,1,377
"224",378,9,1,378
"225",379,16,1,379
"226",383,24,2,383
"227",384,93,5,384
"228",385,94,5,385
"229",386,67,4,386
"230",387,7,1,387
"231",387,7,1,467
"232",389,21,1,374
"233",389,21,1,389
"234",405,5,1,405
"235",405,5,1,407
"236",405,5,1,449
"237",408,63,3,403
"238",408,63,3,748
"239",415,NA,NA,415
"240",417,58,3,413
"241",417,58,3,416
"242",417,58,3,417
"243",418,77,4,6
"244",418,77,4,414
"245",418,77,4,418
"246",423,28,2,423
"247",423,28,2,424
"248",425,16,1,425
"249",426,76,4,426
"250",427,46,3,427
"251",433,26,2,433
"252",434,6,1,434
"253",435,7,1,435
"254",436,21,1,404
"255",436,21,1,436
"256",439,1,1,439
"257",444,7,1,438
"258",444,7,1,443
"259",444,7,1,444
"260",445,14,1,445
"261",447,26,2,446
"262",447,26,2,447
"263",448,76,4,448
"264",450,35,2,485
"265",451,52,3,486
"266",453,31,2,453
"267",455,100,5,455
"268",457,2,1,457
"269",458,28,2,458
"270",459,40,2,459
"271",461,20,1,461
"272",462,21,1,462
"273",464,14,1,464
"274",466,14,1,175
"275",467,76,4,773
"276",468,25,2,406
"277",468,25,2,466
"278",468,25,2,468
"279",469,13,1,454
"280",469,13,1,469
"281",470,21,1,456
"282",471,7,1,463
"283",472,1,1,487
"284",473,94,5,473
"285",473,94,5,474
"286",479,93,5,477
"287",479,93,5,479
"288",479,93,5,484
"289",488,82,4,488
"290",489,93,5,489
"291",496,55,3,494
"292",496,55,3,495
"293",496,55,3,496
"294",498,28,2,483
"295",498,28,2,498
"296",498,28,2,499
"297",503,94,5,503
"298",505,45,3,505
"299",505,45,3,506
"300",507,59,3,507
"301",508,40,2,508
"302",508,40,2,515
"303",509,54,3,509
"304",514,21,1,514
"305",516,60,3,516
"306",516,60,3,517
"307",518,66,3,518
"308",519,76,4,519
"309",523,84,4,523
"310",525,67,4,525
"311",526,67,4,526
"312",527,58,3,527
"313",527,58,3,529
"314",533,35,2,533
"315",533,35,2,538
"316",534,24,2,534
"317",535,46,3,535
"318",535,46,3,647
"319",536,7,1,536
"320",539,46,3,539
"321",543,100,5,543
"322",544,34,2,544
"323",549,57,3,547
"324",549,57,3,549
"325",558,87,5,553
"326",558,87,5,554
"327",558,87,5,555
"328",558,87,5,556
"329",558,87,5,557
"330",558,87,5,558
"331",563,35,2,563
"332",563,35,2,564
"333",563,35,2,565
"334",563,35,2,566
"335",567,85,5,567
"336",567,85,5,569
"337",573,35,2,573
"338",575,60,3,575
"339",575,60,3,576
"340",577,44,3,577
"341",579,54,3,579
"342",583,26,2,583
"343",584,23,2,584
"344",585,43,2,585
"345",585,43,2,587
"346",588,20,1,588
"347",589,85,5,589
"348",593,44,3,593
"349",594,81,4,594
"350",594,81,4,855
"351",595,54,3,595
"352",597,34,2,597
"353",598,82,4,598
"354",599,57,3,596
"355",599,57,3,599
"356",614,53,3,614
"357",615,23,2,615
"358",616,89,5,616
"359",617,54,3,617
"360",628,96,5,613
"361",628,96,5,628
"362",634,52,3,634
"363",634,52,3,635
"364",634,52,3,655
"365",637,90,5,637
"366",637,90,5,639
"367",643,21,1,643
"368",644,91,5,644
"369",645,75,4,645
"370",645,75,4,656
"371",645,75,4,676
"372",649,34,2,649
"373",653,57,3,646
"374",653,57,3,653
"375",653,57,3,654
"376",657,20,1,657
"377",658,26,2,658
"378",658,26,2,659
"379",666,57,3,666
"380",666,57,3,667
"381",668,81,4,668
"382",669,13,1,669
"383",669,13,1,674
"384",675,25,2,675
"385",675,25,2,786
"386",675,25,2,787
"387",675,25,2,793
"388",675,25,2,795
"389",677,34,2,677
"390",678,81,4,678
"391",684,75,4,684
"392",686,33,2,686
"393",687,14,1,687
"394",688,76,4,688
"395",694,100,5,694
"396",695,100,5,695
"397",696,75,4,696
"398",699,92,5,699
"399",703,34,2,703
"400",703,34,2,704
"401",703,34,2,705
"402",706,80,4,706
"403",707,85,5,707
"404",708,75,4,708
"405",709,91,5,709
"406",713,92,5,713
"407",719,47,3,719
"408",723,84,4,723
"409",724,35,2,724
"410",727,43,3,727
"411",729,91,5,728
"412",729,91,5,729
"413",733,93,5,726
"414",733,93,5,733
"415",734,89,5,734
"416",734,89,5,735
"417",734,89,5,737
"418",736,99,5,736
"419",738,92,5,738
"420",739,100,5,739
"421",743,98,5,743
"422",744,47,3,744
"423",745,2,1,745
"424",747,21,1,747
"425",749,84,4,749
"426",753,84,4,753
"427",754,26,2,754
"428",755,59,3,755
"429",755,59,3,758
"430",756,33,2,756
"431",757,80,4,757
"432",763,9,1,763
"433",764,93,5,764
"434",765,77,4,765
"435",766,54,3,766
"436",769,52,3,768
"437",769,52,3,769
"438",774,89,5,774
"439",779,64,3,693
"440",779,64,3,714
"441",779,64,3,715
"442",779,64,3,717
"443",779,64,3,725
"444",779,64,3,759
"445",779,64,3,777
"446",779,64,3,779
"447",779,64,3,798
"448",783,30,2,783
"449",783,30,2,784
"450",785,55,3,636
"451",785,55,3,683
"452",785,55,3,785
"453",789,76,4,789
"454",799,98,5,689
"455",799,98,5,796
"456",799,98,5,797
"457",799,98,5,799
"458",803,45,3,803
"459",803,45,3,864
"460",804,35,2,804
"461",804,35,2,806
"462",804,35,2,856
"463",808,45,3,808
"464",809,46,3,809
"465",809,46,3,814
"466",813,92,5,813
"467",823,34,2,823
"468",824,100,5,824
"469",824,100,5,826
"470",825,67,4,825
"471",829,21,1,497
"472",829,21,1,828
"473",829,21,1,829
"474",829,21,1,833
"475",834,93,5,834
"476",844,83,4,844
"477",848,93,5,845
"478",848,93,5,848
"479",848,93,5,849
"480",853,83,4,853
"481",859,59,3,843
"482",859,59,3,859
"483",859,59,3,876
"484",865,35,2,865
"485",866,14,1,866
"486",869,48,3,869
"487",873,24,2,874
"488",875,53,3,875
"489",878,34,2,878
"490",885,25,2,885
"491",887,20,1,887
"492",888,92,5,888
"493",889,49,3,868
"494",889,49,3,877
"495",889,49,3,883
"496",889,49,3,889
